data_name,data_description,update_time,usage_time,data_format
0,臺北市水質監測資訊,臺北市自來水事業處各水質監測站，所測得水質之濁度、餘氯、酸鹼度等數據15分鐘平均值,2019-11-25,349807次,XML
1,今日氣象資訊,今日氣象資訊資料集描述,2019-11-25,161614次,XML
2,一週氣象資訊,一週氣象資訊資料集描述,2019-11-25,57369次,XML
3,臺北市停水資訊-(大臺北地區),大臺北地區停水區域資訊，於8月10日起資料來源變更，原資料將停止更新，請改介接臺北市停水資訊-(大臺...,2019-11-25,31100次,XML
4,學習型機構,學習型機構資料集描述,2019-11-24,7659次,JSON
5,臺北市嬰幼兒照顧服務-兒童托育資源中心,嬰幼兒照顧服務-兒童托育資源中心,2019-11-24,1233次,XML
6,臺北市嬰幼兒照顧服務-臺北市私立托嬰中心,嬰幼兒照顧服務-臺北市私立托嬰中心,2019-11-24,1533次,XML
7,臺北市身心障礙者服務-臺北市身心障礙福利會館,身心障礙者服務-臺北市身心障礙福利會館,2019-11-24,789次,XML
8,臺北市銀髮族服務-公立老人安養護機構,銀髮族服務-公立老人安養護機構,2019-11-24,35340次,XML
9,臺北市銀髮族服務-公辦民營老人安養護機構,銀髮族服務-公設民營老人安養護機構,2019-11-24,855次,XML
10,臺北市銀髮族服務-老人公寓,銀髮族服務-老人公寓,2019-11-24,34610次,XML
11,臺北市銀髮族服務-老人營養餐飲,銀髮族服務-老人營養餐飲,2019-11-24,35166次,XML
12,臺北市銀髮族服務-私立老人安養護機構,銀髮族服務-私立老人安養護機構,2019-11-24,56844次,XML
13,臺北市銀髮族服務-居家服務,銀髮族服務-居家服務,2019-11-24,34561次,XML
14,臺北市銀髮族服務-長青學苑,銀髮族服務-長青學苑,2019-11-24,34423次,XML
15,臺北市銀髮族服務-臺北市各老人服務中心,銀髮族服務-臺北市各老人服務中心,2019-11-24,34432次,XML
16,臺北市銀髮族服務-臺北市各區公所,銀髮族服務-臺北市各區公所,2019-11-24,745次,XML
17,臺北市銀髮族服務-臺北市老人日間照顧中心,銀髮族服務-臺北市老人日間照顧中心,2019-11-24,34585次,XML
18,臺北市銀髮族服務-臺北市長期照顧管理中心,銀髮族服務-臺北市長期照顧管理中心,2019-11-24,34456次,XML
19,臺北市生活危機服務-臺北市社會福利服務中心,生活危機服務-臺北市社會福利服務中心,2019-11-24,1093次,XML
20,臺北市嬰幼兒照顧服務-親子館,嬰幼兒照顧服務-親子館,2019-11-24,5290次,XML
21,臺北市低收、中低收入戶服務-平價住宅,低收、中低收入戶服務-平價住宅,2019-11-24,1301次,XML
22,臺北市身心障礙者服務-全國性身心障礙福利基金會,身心障礙者服務-全國性身心障礙福利基金會,2019-11-24,1609次,XML
23,臺北市身心障礙者服務-全國性身心障礙福利團體,身心障礙者服務-全國性身心障礙福利團體,2019-11-24,625次,XML
24,臺北市身心障礙者服務-康復之家一覽表,身心障礙者服務-康復之家一覽表,2019-11-24,873次,XML
25,臺北市社區發展服務-社區發展協會(大同),社區發展服務-社區發展協會(大同),2019-11-24,713次,XML
26,臺北市社區發展服務-社區發展協會(中山),社區發展服務-社區發展協會(中山),2019-11-24,949次,XML
27,臺北市社區發展服務-社區發展協會(中正),社區發展服務-社區發展協會(中正),2019-11-24,638次,XML
28,臺北市社區發展服務-社區發展協會(內湖),社區發展服務-社區發展協會(內湖),2019-11-24,896次,XML
29,臺北市社區發展服務-社區發展協會(文山),社區發展服務-社區發展協會(文山),2019-11-24,660次,XML
30,臺北市身心障礙者服務-臺北市身心障礙福利基金會,身心障礙者服務-臺北市身心障礙福利基金會,2019-11-24,713次,XML
31,臺北市身心障礙者服務-臺北市身心障礙福利團體,身心障礙者服務-臺北市身心障礙福利團體,2019-11-24,572次,XML
32,臺北市婦女服務-家庭服務相關團體名冊,婦女服務-家庭服務相關團體名冊,2019-11-24,638次,XML
33,臺北市婦女服務-婦女相關團體名冊,婦女服務-婦女相關團體名冊,2019-11-24,667次,XML
34,臺北市婦女服務-新移民相關團體名冊,婦女服務-新移民相關團體名冊,2019-11-24,648次,XML
35,臺北市婦女服務-臺北市家庭服務中心,婦女服務-臺北市家庭服務中心,2019-11-24,679次,XML
36,臺北市兒童與少年服務-收出養服務機構,兒童與少年服務-收出養服務機構,2019-11-24,718次,XML
37,臺北市兒童與少年服務-私立兒童及少年安置教養機構,兒童與少年服務-私立兒童及少年安置教養機構,2019-11-24,844次,XML
38,臺北市兒童與少年服務-青少年就業諮詢輔導單位,兒童與少年服務-青少年就業諮詢輔導單位,2019-11-24,722次,XML
39,臺北市兒童與少年服務-青少年福利相關機構,兒童與少年服務-青少年福利相關機構,2019-11-24,771次,XML
40,臺北市兒童與少年服務-家庭寄養,兒童與少年服務-家庭寄養,2019-11-24,685次,XML
41,臺北市兒童與少年服務-臺北市少年服務中心,兒童與少年服務-臺北市少年服務中心,2019-11-24,723次,XML
42,臺北市兒童與少年服務-臺北市登記設立之分事務所,兒童與少年服務-臺北市登記設立之分事務所,2019-11-24,772次,XML
43,臺北市國民年金-勞工保險局,國民年金-勞工保險局,2019-11-24,787次,XML
44,臺北市國民年金-臺北市各區公所社會課,國民年金-臺北市各區公所社會課,2019-11-24,656次,XML
45,臺北市國民年金-衛生福利部,國民年金-衛生福利部,2019-11-24,723次,XML
46,臺北市遊民服務-遊民中途之家,遊民服務-遊民中途之家,2019-11-24,838次,XML
47,臺北市愛心餐食-愛心餐食補給站,愛心餐食-愛心餐食補給站,2019-11-24,756次,XML
48,臺北市社區發展服務-社區發展協會(松山),社區發展服務-社區發展協會(松山),2019-11-24,767次,XML
49,臺北市社區發展服務-社區發展協會(信義),社區發展服務-社區發展協會(信義),2019-11-24,811次,XML
50,臺北市兒童與少年服務-臺北市兒童福利服務中心,兒童與少年服務-臺北市兒童福利服務中心,2019-11-24,692次,XML
51,臺北市嬰幼兒照顧服務-公辦民營托嬰中心,嬰幼兒照顧服務-公辦民營托嬰中心,2019-11-24,949次,XML
52,臺北市社區發展服務-社區發展協會(南港),社區發展服務-社區發展協會(南港),2019-11-24,680次,XML
53,臺北市身心障礙者服務-早期療育社區資源中心,身心障礙者服務-早期療育社區資源中心,2019-11-24,704次,XML
54,臺北市身心障礙者服務-早療訓練機構,身心障礙者服務-早療訓練機構,2019-11-24,658次,XML
55,臺北市身心障礙者服務-早療通報轉介中心,身心障礙者服務-早療通報轉介中心,2019-11-24,697次,XML
56,臺北市身心障礙者服務-早療醫療資源,身心障礙者服務-早療醫療資源,2019-11-24,606次,XML
57,臺北市身心障礙者服務-身心障礙福利機構,身心障礙者服務-身心障礙福利機構,2019-11-24,746次,XML
58,臺北市社區發展服務-社區發展協會(北投),社區發展服務-社區發展協會(北投),2019-11-23,741次,XML
59,臺北市社區發展服務-社區發展協會(士林),社區發展服務-社區發展協會(士林),2019-11-23,679次,XML
60,臺北市社區發展服務-社區發展協會(大安),社區發展服務-社區發展協會(大安),2019-11-23,691次,XML
61,臺北市社區發展服務-社區發展協會(萬華),社區發展服務-社區發展協會(萬華),2019-11-23,595次,XML
62,臺北市河濱生態-灌木,1.範圍：本市堤外29座河濱公園、社子島島頭公園、社子島濕地、社六濕地及已闢建為草皮具休憩功能之堤外...,2019-11-22,388次,"CSV,ZIP"
63,臺北市公車站牌位置圖,臺北市聯營公車站牌編號、中文名稱及位置，本項資料所採用座標系統為TWD97。,2019-11-22,1157次,ZIP
64,臺北市公車路線圖,臺北市聯營公車路線圖，本項資料所採用座標系統為TWD97。,2019-11-22,826次,ZIP
65,臺北市暑期工讀案件,臺北市政府108年度大專青年學生公部門暑期工讀權責分配表,2019-11-22,276次,PDF
66,臺北市政府職期遷調案件,臺北市政府107年實施職期遷調情形統計表,2019-11-21,94次,PDF
67,臺北市溫室氣體排放統計—本市總排放量及人均排放量,為檢視本市節能減碳方案是否達到目標願景，以及了解經由各局處整合推動之各項減碳成果，本市持續調查溫室氣...,2019-11-21,305次,CSV
68,臺北市列管營業場所消防安全檢查結果,提供「查詢列管營業場所消防安全檢查資料」。,2019-11-21,1795次,CSV
69,臺北市工務統計資料,包含臺北市道路、橋梁涵管、防洪排水、路燈、公園綠地、污水下水道、山坡地安全治理、綜合項目及其他、工務...,2019-11-21,12037次,JSON
70,臺北市各區里疏散避難圖資訊(內湖區),提供臺北市各區里疏散避難圖資訊,2019-11-20,348次,CSV
71,臺北市固定測速照相地點表,提供臺北市現有車輛超速自動照相設備之設置地點及地點路段之限速值,2019-11-20,14382次,"CSV,ods"
72,臺北市立動物園_行事曆,本資料集提供臺北市立動物園之園區活動行事曆，包含文字簡介、圖片、網站連結及座標等資訊。(本資料集開放...,2019-11-20,13361次,CSV
73,臺北市行人專用清潔箱,提供民眾本市行人專用清潔箱位置查詢,2019-11-20,65453次,CSV
74,臺北市警政統計查詢系統,提供「刑事案件(含暴力犯罪、竊盜案件等等)」、「違序、查獲違法經濟及查處取締案件」、「保安及民防」、...,2019-11-20,9次,
75,實價周報,臺北市不動產成交案件實際資訊申報登錄資訊(係為產製當時之資料，後續系統維護致資料異動，可利用臺北地政...,2019-11-20,935次,XML
76,臺北捷運車站無障礙設施異常公告,捷運車站無障礙設施異常公告,2019-11-19,180次,CSV
77,捷運興建中路網施工現況,捷運興建中路網施工現況說明,2019-11-19,31次,
78,捷運興建中路網各線工程進度累計百分比,捷運興建中路網各線工程進度彙算,2019-11-19,158次,XLS
79,臺北市各區里疏散避難圖資訊(大安區),提供臺北市各區里疏散避難圖資訊,2019-11-15,254次,CSV
80,臺北市政府各機關學校統一編號,臺北市各機關學校統一編號,2019-11-15,186次,CSV
81,臺北市各項稅捐本月實徵數簡報表,臺北市各項稅捐本月實徵數簡報表-108年各月,2019-11-15,250次,CSV
82,臺北市幼兒園違反《幼兒教育及照顧法》及《臺北市學生及交通車管理自治條例》相關規定案件,臺北市幼兒園違反《幼兒教育及照顧法》及《臺北市學生及交通車管理自治條例》相關規定處理情形(未含查核中...,2019-11-14,182次,"CSV,ods"
83,108年度臺北市房屋稅稅源─按使用別,108年度臺北市房屋稅稅源─按使用別,2019-11-14,22次,CSV
84,臺北市政府工務局水利工程處防溺告示牌救生圈座標位置,臺北市政府工務局水利工程處防溺告示牌救生圈座標位置,2019-11-14,264次,CSV
85,臺北市各項稅捐解庫情形108年10月止,臺北市各項稅捐解庫情形108年10月止,2019-11-14,178次,CSV
86,臺北市各項稅捐退還以前年度歲入款108年10月止,臺北市各項稅捐退還以前年度歲入款108年10月止,2019-11-14,183次,CSV
87,臺北市各項稅捐實徵淨額與預算數及上年同期比較增減原因分析說明108年10月,臺北市各項稅捐實徵淨額與預算數及上年同期比較增減原因分析說明108年10月,2019-11-14,254次,CSV
88,臺北市各區百歲人瑞人數統計表,臺北市各區百歲人瑞人數統計,2019-11-14,3109次,ods
89,臺北市三年來各項稅捐實徵淨額增減比較108年10月,臺北市三年來各項稅捐實徵淨額增減比較108年10月,2019-11-14,179次,CSV
90,臺北市各項稅捐實徵淨額與預算數及上年同期比較-累計數108年10月,臺北市各項稅捐實徵淨額與預算數及上年同期比較-累計數108年10月,2019-11-14,186次,CSV
91,臺北市各項稅捐實徵淨額與預算數及上年同期比較-本月數108年10月,臺北市各項稅捐實徵淨額與預算數及上年同期比較-本月數108年10月,2019-11-14,181次,CSV
92,臺北市飲用水水質檢驗資料,臺北市自來水供水系統管線水質檢測結果,2019-11-13,293次,xlsx
93,臺北市張掛旗幟路段參考一覽表,臺北市路燈桿旗幟申請參考路段、已核可活動及時間等資訊,2019-11-13,345次,PDF
94,臺北市自行車竊盜點位資訊,臺北市104年1月-108年10月份自行車竊盜點位資訊,2019-11-13,2183次,CSV
95,臺北市住宅竊盜點位資訊,臺北市104年1月-108年10月份住宅竊盜點位資訊,2019-11-13,8675次,CSV
96,臺北市汽車竊盜點位資訊,臺北市104年1月-108年10月份汽車竊盜點位資訊,2019-11-13,82次,CSV
97,臺北市強盜點位資訊,臺北市107年1月-108年10月份強盜點位資訊,2019-11-13,29次,CSV
98,臺北市搶奪點位資訊,臺北市107年1月-108年10月份搶奪點位資訊,2019-11-13,4次,CSV
99,臺北市機車竊盜點位資訊,臺北市107年1月-108年10月份機車竊盜點位資訊,2019-11-13,18次,CSV
100,臺北市婦幼安全警示地點,「婦幼安全警示地點」係指近半年連續發生婦幼被害案件（強盜、搶奪、性侵害、刑法234條之妨害風化、性騷...,2019-11-12,750次,"PDF,ods"
101,營業場所投保公共意外險清冊,臺北市營業場所投保公共意外險清冊,2019-11-12,761次,CSV
102,臺北市合法電子遊戲場業者清冊,臺北市合法電子遊戲場業者清冊,2019-11-12,1030次,CSV
103,臺北市土壤液化分析鑽井圖層資料,"臺北市土壤液化分析鑽井圖層資料
提供TWD97 及 WGS84座標",2019-11-12,8次,
104,臺北市專用垃圾袋代售點名冊,臺北市專用垃圾袋代售點名冊,2019-11-12,8529次,CSV
105,臺北市水綠地圖,臺北市水綠地圖 Water and Green Map 網址 https://data.taipei...,2019-11-12,315次,
106,臺北市土壤液化潛勢圖,"臺北市土壤液化潛勢圖層
提供TWD97 及 WGS84座標",2019-11-12,17次,
107,臺北市各區清潔隊資源回收量,公布各區清潔隊回收量,2019-11-11,815次,ods
108,囑託登記國有公告清冊,按地籍清理條例第15條規定代為標售之土地或建物，經二次標售而未完成標售者，由直轄市或縣（市）主管機關...,2019-11-11,376次,xlsx
109,臺北市攤販集中場,市集販賣內容簡介、座標(84),2019-11-11,1507次,odt
110,臺北市傳統市(商)場,市集販賣內容簡介、座標(84),2019-11-11,346次,CSV
111,臺北市超級市場,市集販賣內容簡介、座標(84),2019-11-11,692次,CSV
112,臺北市批發市場,市集販賣內容簡介、座標(84),2019-11-11,183次,CSV
113,臺北市地下街,市集販賣內容簡介、座標(84),2019-11-11,233次,CSV
114,役男徵兵檢查人數統計表,臺北市役男徵兵檢查人數統計,2019-11-11,4598次,CSV
115,臺北市合法八大行業業者清冊,臺北市合法八大行業業者清冊,2019-11-11,2443次,CSV
116,役男驗退停訓處理人數統計表,臺北市役男驗退停訓處理人數統計,2019-11-11,3622次,CSV
117,臺北市瓦斯供氣戶數及供氣量,臺北市四家公用天然氣事業售氣量及供氣戶數表。,2019-11-11,142次,CSV
118,住宅價格季指數,以實價登錄資料庫為基礎，分別編製12行政區住宅價格指數，呈現各行政區之住宅價格在不同時期之實際變動情...,2019-11-11,112次,XML
119,住宅價格月指數,以實價登錄資料庫為基礎，分別編製各次分類的住宅價格指數，呈現全市、全市公寓、大樓及小宅之住宅價格在不...,2019-11-11,414次,XML
120,列管後備軍人動態統計表,列管後備軍人動態統計,2019-11-11,5325次,CSV
121,臺北市幼兒常規預防接種合約院所,臺北市幼兒常規預防接種合約院所,2019-11-11,255次,xlsx
122,列管山區道路,已調查山區範圍內各類型道路長度，包含都市計畫道路、產業道路及其他山區道路長度共三種。,2019-11-11,330次,"ZIP,rar"
123,列管登山步道,目前臺北市親山步道系統列管有135條步道，總長約105公里，並因應步道長度、高低起伏及體適能條件等規...,2019-11-11,333次,XLS
124,臺北市銀髮族服務-社區照顧關懷據點,銀髮族服務-社區照顧關懷據點,2019-11-10,34403次,XML
125,臺北市銀髮族服務-銀髮友善好站,銀髮族服務-銀髮友善好站,2019-11-10,33987次,XML
126,臺北孔廟4D劇院場次表,臺北孔廟4D劇院場次表,2019-11-08,35次,"CSV,PDF"
127,臺北市立圖書館各分館暨民眾閱覽室,臺北市立圖書館各分館暨民眾閱覽室分佈圖,2019-11-08,247次,CSV
128,臺北市動產擔保登記資料,臺北市動產擔保登記資料,2019-11-08,444次,CSV
129,臺北市南港軟體工業園區廠商資料名錄,臺北市南港軟體工業園區廠商資料名錄,2019-11-08,1327次,CSV
130,臺北市地下水鑿井業登記資料,臺北市地下水鑿井業登記資料,2019-11-08,237次,CSV
131,臺北市用電設備檢驗維護業登記資料,臺北市用電設備檢驗維護業登記資料,2019-11-08,265次,CSV
132,臺北市內湖科技園區廠商名錄,臺北市內湖科技園區廠商資料。,2019-11-08,36730次,CSV
133,臺北市大彎南段工業區廠商名錄,臺北市大彎南段工業區廠商資料。,2019-11-08,454次,CSV
134,農業用地允許使用申請,農業用地允許使用申請。,2019-11-08,229次,CSV
135,臺北市生技廠商企業名錄,臺北市生技廠商企業名錄,2019-11-08,860次,CSV
136,臺北市企業營運總部分布圖,臺北市企業營運總部分布圖。,2019-11-08,1571次,XML
137,臺北市自來水管承裝商業者,取得本市自來水管承裝商許可業者資料。,2019-11-08,862次,XML
138,臺北市公用天然氣導管承裝業業者,取得本市公用天然氣導管承裝業執照業者資料。,2019-11-08,769次,XML
139,108年度使用執照摘要,當年度1月1日至前一個月月底使用執照摘要,2019-11-08,140次,XML
140,108年度建造執照摘要,當年度1月1日至前一個月月底建造執照摘要,2019-11-08,60次,XML
141,臺北市登記工廠分布圖及基本資料,臺北市登記工廠分布圖及基本資料。,2019-11-08,1850次,XML
142,臺北市電器承裝業業者,取得本市電器承裝業登記執照業者資料。,2019-11-08,1115次,XML
143,臺北市河川水質檢測結果,提供臺北市河川水質檢測結果,2019-11-08,3098次,"XLS,CSV"
144,臺北市核准商業設立、變更及歇業登記等異動資料清冊,臺北市核准商業設立、變更及歇業登記等異動資料清冊,2019-11-08,1109次,CSV
145,臺北市核准公司設立變更解散清冊,臺北市核准公司設立變更解散清冊,2019-11-08,2338次,CSV
146,店家改造資料,店家改造資料,2019-11-08,312次,CSV
147,臺北市合法資訊休閒業者清冊,臺北市合法資訊休閒業者清冊,2019-11-08,288次,CSV
148,臺北市公司登記報表,臺北市公司登記報表,2019-11-08,323次,ods
149,臺北市登記家數統計表(依行業別及行政區),臺北市登記家數統計表(依行業別及行政區),2019-11-08,234次,ods
150,商圈店家輔導對象資料,商圈店家輔導對象資料,2019-11-08,253次,CSV
151,臺北市商圈通訊錄,臺北市商圈組識通訊錄,2019-11-08,3527次,CSV
152,臺北美食環遊世界 推薦餐廳名單,臺北美食環遊世界 推薦餐廳名單,2019-11-08,1529次,CSV
153,臺北市公有零售市場行情,臺北市公有零售市場行情,2019-11-08,6926次,CSV
154,臺北市溫泉監測井圖,臺北市溫泉監測井圖。,2019-11-08,226次,ZIP
155,臺北市溫泉地區地電阻分布圖,臺北市溫泉地區地電阻分布圖。,2019-11-08,187次,ZIP
156,臺北市溫泉露頭區公告範圍圖,臺北市溫泉露頭區公告範圍圖。,2019-11-08,273次,ZIP
157,違反台北市營業衛生管理自治條例違規案件,違反台北市營業衛生管理自治條例違規案件,2019-11-08,177次,xlsx
158,未結案工程統計表,有關工務局所屬機關，近一年內公共工程已完工但未結案之案件執行相關內容。,2019-11-07,411次,CSV
159,在建工程統計表,有關工務局所屬機關，近一年內公共工程尚在建設中之案件執行相關內容。,2019-11-07,480次,CSV
160,公共工程發包及執行情形統計表,有關工務局所屬機關，近一年內公共工程發包案件之預算與開、決標執行情行。,2019-11-07,499次,CSV
161,臺北市市區自行車道,自行車道資料,2019-11-07,4788次,KML
162,臺北市禁停紅黃線路段分布圖,禁停紅黃線資料,2019-11-07,10次,
163,家庭收支訪問調查,臺北市家庭收支－行政區別、臺北市家庭收支－經濟戶長職業別、臺北市每戶家庭收支－行政區別、臺北市每戶家...,2019-11-07,36次,
164,臺北市防空避難設備,臺北市防空避難設備數量及容量,2019-11-07,115次,XLS
165,臺北市防空警報臺數量,臺北市防空警報臺數量統計,2019-11-07,98次,XLS
166,市地重劃,市地重劃,2019-11-07,383次,ZIP
167,水利處基地台(中繼站),"臺北市水利處基地台（中繼站）位置,TWD97-TM2座標",2019-11-07,166次,"KML,ZIP"
168,臺北市小巡邏區勤務立即偵破刑案績效表,10810臺北市政府警察局線上立即偵破刑案績效表,2019-11-07,2983次,XLS
169,臺北市政府警察局錄影監視系統設置區位,本局錄影監視系統設置區位,2019-11-07,519次,xlsx
170,臺北市中小學校學區,臺北市國民中學學區劃分,2019-11-07,1888次,PDF
171,臺北市文化快遞資訊,文化快遞資訊,2019-11-07,112476次,XML
172,臺北市廢棄車輛處理月報表,廢棄車輛查報拖吊統計表,2019-11-07,262次,PDF
173,臺北捷運車站無障礙電梯位置,車站無障礙電梯位置,2019-11-07,267次,CSV
174,臺北捷運車站無障礙設施資料,臺北捷運車站無障礙設施設置情形,2019-11-07,33次,CSV
175,臺北捷運車站出入口無障礙電梯、無障礙坡道GPS座標,臺北捷運車站出入口無障礙電梯、無障礙坡道GPS座標,2019-11-07,243次,geojson
176,臺北捷運車站出入口座標,臺北捷運車站出入口座標,2019-11-07,39472次,geojson
177,臺北市乙、丙級清除機構基本資料,"臺北市乙、丙級清除機構名稱,級別,機構電話,機構地址,機構負責人等資訊",2019-11-07,630次,PDF
178,臺北市明日道路施工預約資訊,臺北市明日道路施工預約資訊,2019-11-07,10次,
179,臺北市各行政區最新月份人口數及戶數,依據戶政事務所受理民眾戶籍登記資料產製。,2019-11-07,1012次,ods
180,臺北市已立案宗教團體點位資料,臺北市已立案宗教團體點位資料,2019-11-06,607次,XML
181,臺北市宗教建築3D模型庫,採用3D建模方式記錄宗教寺廟資料，供做文化保存，並整合地理資訊系統，呈現宗教寺廟整體資訊。,2019-11-06,338次,ods
182,臺北市消防安全檢查重大不合格場所,臺北市消防安全檢查重大不合格場所,2019-11-06,1909次,"XLS,PDF"
183,臺北市各項稅捐實徵淨額與預算數及上年同期比較-本月數108年9月,臺北市各項稅捐實徵淨額與預算數及上年同期比較-本月數108年9月,2019-11-06,231次,CSV
184,戒菸合約醫事機構,戒菸合約醫事機構,2019-11-06,282次,CSV
185,臺北市公告禁菸場所,"臺北市公告戶外禁菸場所、
無菸公園綠地一覽表",2019-11-06,718次,"xlsx,CSV"
186,三高篩檢,三高篩檢,2019-11-06,286次,"PDF,xlsx"
187,臺北市視障按摩院所名冊,本市目前視障按摩小站及曾獲選為優良按摩院之店家。,2019-11-06,320次,CSV
188,臺北市母嬰親善醫療院所,臺北市母嬰親善醫療院所,2019-11-06,284次,docx
189,臺北市流感合約院所(3歲以上(含3歲)幼童),臺北市流感合約院所(3歲以上(含3歲)幼童),2019-11-06,6次,CSV
190,臺北市流感合約院所(成人),"臺北市流感合約院所(成人)
",2019-11-06,12次,CSV
191,臺北市流感合約院所(3歲以下幼兒),臺北市流感合約院所(3歲以下幼兒),2019-11-06,10次,CSV
192,臺北市政府建設公債還本付息兌付統計表,"公告每年臺北市政府建設公債到期本息資訊，以利債券持有人兌領
",2019-11-06,94次,CSV
193,臺北市政府發行建設公債還本付息統計表,"臺北市建設公債各年度應還本息數額表
",2019-11-06,100次,CSV
194,臺北市受理網路報案統計表,10810受理網路報案統計表,2019-11-05,3264次,XLS
195,公告臺北市政府自105年1月起最新債務訊息,每月10日前公告前1個月債務資訊，逐月依時序排列由105年1月起彙計公告。,2019-11-05,146次,CSV
196,公告臺北市政府公共債務情形,"公告每月臺北市政府公共債務資訊，落實全民監督
",2019-11-05,145次,CSV
197,自82年度起臺北市各年度債務未償餘額實際數表,自82年度起臺北市各年度債務未償餘額實際數,2019-11-05,125次,CSV
198,臺北市各項稅收快報（初步數字）,臺北市各項稅收快報（初步數字）108年10月,2019-11-05,238次,CSV
199,臺北廣播電臺中文節目表,廣播內容中文節目表，連結網頁提供線上收聽及過去60天節目音檔,2019-11-05,4687次,CSV
200,臺北廣播電臺英文節目表,廣播內容英文節目表，連結網頁提供線上收聽及過去60天節目音檔,2019-11-05,176次,CSV
201,臺北市政府違反性別工作平等法事業單位及事業主公布總表,臺北市政府違反性別工作平等法事業單位及事業主公布總表,2019-11-05,66次,
202,臺北市政府違反職業安全衛生法事業單位及事業主公布總表,臺北市政府違反職業安全衛生法事業單位及事業主公布總表,2019-11-05,31次,
203,臺北市政府違反勞動基準法事業單位及事業主公布總表,臺北市政府違反勞動基準法事業單位及事業主公布總表,2019-11-05,36次,
204,臺北市加油站及加氣站分布圖,臺北市加油站及加氣站分布圖。,2019-11-05,5793次,XML
205,緊急救護到院前心肺功能停止傷病患統計,緊急救護到院前心肺功能停止傷病患統計,2019-11-04,87次,CSV
206,臺北市消防緊急救護急救處置次數統計,臺北市消防緊急救護急救處置次數統計,2019-11-04,85次,CSV
207,緊急救護服務統計次數,緊急救護服務統計次數,2019-11-04,94次,CSV
208,臺北市新移民統計,臺北市新移民統計資料及照顧輔導政策與實施方案執行情形統計。,2019-11-04,919次,"PDF,CSV"
209,臺北市單一陳情系統HELLO TAIPEI類別資料,臺北市單一陳情系統HELLO TAIPEI類別資料,2019-11-04,2485次,"xlsx,ods"
210,臺北市市場處無障礙設施,臺北市市場處無障礙設施設置情形,2019-11-04,212次,CSV
211,臺北市政府108年度歲入預算執行情形,"揭露臺北市歲入預算執行狀況
",2019-11-04,154次,CSV
212,臺北市直飲臺,直接飲用自來水飲水臺,2019-11-04,3391次,CSV
213,臺北市政府依促進民間參與公共建設法辦理之已簽約案件明細表-截至1080930,提供依促進民間參與公共建設法辦理之已簽約案件之相關資料,2019-11-01,230次,CSV
214,臺北市政府辦理民間參與公共建設已簽約案件統計表-截至1080930,臺北市政府辦理民間參與公共建設已簽約案件統計表,2019-11-01,14次,CSV
215,臺北市政府辦理民間參與公共建設案件統計表-截至1080930,臺北市政府辦理民間公共建設案件統計表,2019-11-01,34次,CSV
216,臺北市公有土地資料,提供臺北市轄區公有土地資料(除涉有敏感性資料或有其他特殊情形不宜開放者),2019-11-01,7次,
217,1999派工資料,1999派工資料,2019-11-01,9304次,CSV
218,翡翠水庫水質月報表,翡翠水庫水質月報表,2019-11-01,3998次,"xlsx,XLS"
219,翡翠水庫水質資料,每月總磷、葉綠素a、透明度、藻類數、卡爾森優養指數、水庫水質優養指標監測數據,2019-11-01,273次,CSV
220,臺北市110受理民眾報案統計表108.10,臺北市110受理民眾報案統計表108.10,2019-11-01,4次,XLS
221,臺北市輪狀病毒疫苗補助特約院所名單,臺北市輪狀病毒疫苗補助特約院所名單,2019-11-01,168次,CSV
222,廣告審查件數統計表,藥物、化粧品廣告審查件數統計表,2019-11-01,80次,PDF
223,臺北市藥局,全區藥局(含健康保險),2019-11-01,3016次,PDF
224,藥商許可清冊,臺北市藥商許可清冊,2019-11-01,666次,PDF
225,臺北市立動物園_植物資料,大自然裡除了有各式各樣的動物活躍其間，還有許多美麗繽紛的植物共榮共存，經由動植物間的交互作用進而創造...,2019-11-01,41994次,CSV
226,支援台水月統計表,支援台灣自來水公司清水量月報表.,2019-11-01,2945次,CSV
227,臺北市娛樂稅稅源,臺北市娛樂稅稅源,2019-11-01,313次,CSV
228,臺北市統計資料庫查詢系統,提供「重要統計資料庫」、「重要統計指標」、「物價統計資料庫」及「家庭收支資料庫」等4大部分之時間數列...,2019-10-31,102次,ZIP
229,臺北市近年來重要統計指標,以統計數字傳達臺北市施政成果，計有土地人口、婚育概況等各類指標之統計刊物，刊物內統計資料可至「臺北市...,2019-10-31,7次,
230,臺北市各行政區重要統計指標,以統計數字傳達臺北市各行政區特性及施政成果差異之統計刊物，刊物內統計資料可至「臺北市統計資料庫查詢系...,2019-10-31,7次,
231,臺北市性別統計,彙集與性別、族群有關議題之統計數據，引發社會對於兩性優劣地位之關懷，並檢視社會政策落實男女平權成果之...,2019-10-31,7次,
232,臺北市重要統計速報,含臺北市土地人口等各項基本情勢與施政成果統計、社會特性比較、重要年資料及臺灣地區重要經社指標等資料之...,2019-10-31,8次,
233,臺北市與國內都市重要統計指標,彙集臺北市與國內其他縣市施政成果統計指標之摺頁，摺頁內統計資料可至行政院主計總處「縣市重要統計指標查...,2019-10-31,7次,
234,臺北市統計摘要,以主題方式呈現臺北市重要施政成果之統計刊物，刊物內統計資料可至「臺北市統計資料庫查詢系統」之「重要統...,2019-10-31,8次,
235,臺北市與國際都市統計指標,彙列臺北市政府主計處透過外交部、行政院大陸委員會轉寄問卷至主要國際都市所蒐集、編製統計指標資料之摺頁...,2019-10-31,8次,
236,臺北市性別統計圖像,將本市各類具代表性之性別指標，採文字分析輔以統計圖呈現方式之統計刊物，刊物內統計資料可至「臺北市統計...,2019-10-31,7次,
237,臺北市統計年報,含臺北市一般基本概況及重要施政成果統計，以中英雙語排版之統計刊物，刊物內統計資料可至「臺北市統計資料...,2019-10-31,8次,
238,臺北市延慧書庫,提供民眾捐贈書籍的類別及數量資訊,2019-10-31,17819次,CSV
239,臺北捷運車站電梯維修預排時程表,捷運車站最近2個月電梯預防檢修預排時程表(不含臨時性故障)，本表僅為預定排程，實際檢修時間仍依車站現...,2019-10-31,794次,CSV
240,臺北市政府暨所屬機關學校現有員工人數統計,臺北市政府暨所屬機關學校現有員工人數統計,2019-10-31,3565次,XLS
241,聯管平臺事件訊息,交通資訊測試,2019-10-30,16次,
242,大臺北地區消防栓分布點位圖,大臺北地區(包括臺北市、新北市三重區、中和區、永和區、新店區及汐止區7個里)消防栓分布點位,2019-10-29,653次,CSV
243,獸醫師資訊,提供臺北市獸醫師資料。,2019-10-29,183次,CSV
244,寵物登記站名冊,提供臺北市寵物登記站名冊。,2019-10-29,1059次,CSV
245,動物醫院一覽表,提供臺北市動物醫院資料。,2019-10-29,1323次,CSV
246,優惠商店,增進全國公教員工福利，鼓勵承辦單位接洽優惠商店，辦理消費優惠合作措施，提供全國公教員工參考運用，行政...,2019-10-28,8次,
247,臺北市政府府層級任務編組性別比例統計,府層級任務編組、性別比例,2019-10-25,191次,xlsx
248,臺北市市有土地參與都市更新案件進度表,"提供臺北市市有土地參與都市更新案進度等相關資料
",2019-10-25,322次,CSV
249,臺北市政府財政局主導辦理都市更新案件進度表,臺北市政府財政局主導辦理都市更新案件進度,2019-10-25,123次,CSV
250,臺北市市有土地參與都市更新完工或結案案件表,臺北市市有土地參與都市更新完工或結案案件,2019-10-25,207次,CSV
251,失智共照中心,協助疑似失智者就醫確診服務、協助轉介失智社區服務據點，提供多項失智服務、 提供生活照護與醫療照護的諮...,2019-10-25,6次,
252,失智社區服務據點,本資料提供失智長者認知促進、緩和失智，家屬照顧，家屬支持團體等課程，或辦理其他創新方案服務之服務據點...,2019-10-25,1次,
253,預立醫療諮商(ACP),預立醫療照護諮商機構,2019-10-25,16次,
254,臺北市政府採購申訴審議委員會會議紀錄,申訴會每月之會議紀錄，主要內容有案由(含案件編號、案件名稱、招標機關、申請人或申訴人、承辦人及委員姓...,2019-10-25,4262次,"rar,doc,docx,odt,utf-8"
255,臺北市政府財政局經管市有閒置房地公開標租清冊,臺北市政府財政局經管市有閒置房地公開標租清冊,2019-10-25,448次,CSV
256,臺北市政府財政局經管市有閒置房地公開標售清冊,臺北市政府財政局經管市有閒置房地公開標售清冊,2019-10-25,253次,CSV
257,臺北市政府財政局經管市有非公用閒置建物清冊,臺北市政府財政局經管市有非公用閒置建物清冊,2019-10-25,120次,CSV
258,臺北市政府財政局經管市有非公用閒置土地清冊,臺北市政府財政局經管市有非公用閒置土地清冊,2019-10-25,252次,CSV
259,提供申請短期使用土地清冊,提供適合民間短期使用之市有非公用閒置土地予民間活化利用,2019-10-25,163次,CSV
260,颱風豪雨期間外租機械佈設點,颱風豪雨期間因應低窪及易淹水地區委託民間廠商協助佈設抽水機等機具進行防救工作,2019-10-25,518次,"KML,ZIP"
261,臺北市娛樂營業場所噪音告發案件點位資訊,娛樂營業場所噪音告發案件資訊,2019-10-24,1117次,"CSV,ods"
262,臺北市營建工程噪音告發案件點位資訊,營建工程噪音告發資訊,2019-10-24,1104次,"CSV,ods"
263,臺北市非營業用卡拉OK噪音告發案件點位資訊,非營業用卡拉OK噪音告發案件資訊,2019-10-24,1200次,"CSV,ods"
264,臺北市政府各機關108年度聘（僱）用計畫書（表）,本府各機關108年度聘用人員聘用計畫書及約僱人員僱用計畫表,2019-10-23,1496次,PDF
265,獎懲月報表,本府獎懲月報表,2019-10-23,740次,"ods,xlsx"
266,本市公務人員協會補助款核發,臺北市政府人事處歷年補助民間團體情形表,2019-10-23,6次,
267,水文、氣象月報表,翡翠水庫氣象站氣象月報表、雨量站雨量月報表、 水位站水位月報表,2019-10-23,3019次,PDF
268,臺北小巨蛋廣場租用資訊,每月臺北小巨蛋廣場租用資訊,2019-10-23,3061次,CSV
269,臺北小巨蛋廣告租用資訊,每月臺北小巨蛋廣告租用資訊,2019-10-23,2998次,CSV
270,臺北小巨蛋場地租用資訊,每月臺北小巨蛋場地租用資訊,2019-10-23,2789次,CSV
271,臺北小巨蛋冰上樂園場地使用資訊,每月臺北小巨蛋冰上樂園場地使用資訊,2019-10-23,3164次,CSV
272,臺北小巨蛋主場館活動使用空間租用資訊,每月臺北小巨蛋主場館活動使用空間租用資訊,2019-10-23,3234次,CSV
273,貓空纜車團體預約統計資料,貓空纜車團體預約統計資料,2019-10-23,328次,CSV
274,每日貓空纜車系統旅運量統計表,每日貓空纜車系統旅運量統計表,2019-10-23,4885次,CSV
275,臺北捷運各站分時進出量統計,捷運每日分時各站OD流量統計,2019-10-23,7905次,"ZIP,7z"
276,臺北捷運全系統旅運量統計,臺北捷運全系統旅運量統計,2019-10-23,5648次,CSV
277,臺北捷運藝文廊各場地展覽資訊,臺北捷運藝文廊各場地展覽資訊,2019-10-23,3459次,CSV
278,臺北捷運轉乘停車場座標,臺北捷運轉乘停車場座標,2019-10-23,1859次,ZIP
279,臺北捷運廣場各場地活動日期及名稱,臺北捷運廣場各場地活動日期及名稱,2019-10-23,2997次,CSV
280,臺北市政府財政局辦理市有非公用土地設定地上權案(已簽約)一覽表,臺北市政府財政局辦理市有非公用土地設定地上權案,2019-10-21,183次,CSV
281,臺北市病媒防治業者名單,臺北市病媒防治業者名單,2019-10-21,374次,PDF
282,臺北市環保局操作維護之水質淨化設施資料,操作維護之水質淨化設施資料,2019-10-18,210次,ods
283,臺北市政府各一級機關暨列席議會二級機關首長名錄,"臺北市政府各一級機關暨列席議會二級機關首長名錄 
",2019-10-17,445次,odt
284,違反身心障礙者權益保障法第38條規定未足額進用名單,依據身心障礙者權益保障法第103條規定：「各級政府勞工主管機關對於違反第38條第1項或第2項之規定者...,2019-10-17,149次,CSV
285,臺北市特殊景點彩繪區,景點彩繪,2019-10-17,83次,xlsx
286,臺北市堤防起迄點位資料集,臺北市堤防起迄點位資料集,2019-10-17,18次,xlsx
287,友善兒童少年福利服務據點,兒童與少年服務-友善兒童少年福利服務據點,2019-10-16,30次,CSV
288,臺北市準公共化托嬰中心,嬰幼兒照顧服務-準公共化托嬰中心,2019-10-16,35次,CSV
289,臺北市老人安養暨長期照顧機構評鑑,銀髮族服務-老人安養暨長期照顧機構評鑑,2019-10-16,24次,CSV
290,臺北市身障社區長照機構,身心障礙者服務-身障社區長照機構,2019-10-16,24次,CSV
291,臺北都會區大眾捷運系統萬大線第一階段施工範圍圖(第一區工程處施工範圍),臺北都會區大眾捷運系統萬大線第一階段施工範圍圖相關資料(第一區工程處施工範圍),2019-10-16,17次,"CSV,jpg"
292,臺北市政府燃氣熱水器承裝業名冊,提供本市燃氣熱水器承裝業名冊查詢,2019-10-16,3221次,PDF
293,臺北市政府燃氣熱水器承裝業技術士名冊,提供本市燃氣熱水器承裝業技術士名冊查詢,2019-10-16,366次,PDF
294,臺北市市有財產委託經營案件明細表,依臺北市市有財產委託經營管理自治條例辦理,2019-10-16,133次,CSV
295,臺北都會區大眾捷運系統萬大-中和-樹林線第一期工程範圍示意圖(第二區工程處施作範圍),本處轄管萬大-中和-樹林線第一期工程範圍示意圖,2019-10-15,18次,"PDF,CSV"
296,臺北市政府消防通道清冊,提供查詢臺北市政府消防通道,2019-10-15,63次,CSV
297,消防通道與火災搶救困難地區,臺北市消防通道與火災搶救困難地區,2019-10-15,34次,CSV
298,臺北市各項稅捐實徵淨額與預算數及上年同期比較增減原因分析說明108年9月,臺北市各項稅捐實徵淨額與預算數及上年同期比較增減原因分析說明108年9月,2019-10-15,210次,CSV
299,臺北市各項稅捐退還以前年度歲入款108年9月止,臺北市各項稅捐退還以前年度歲入款108年9月止,2019-10-15,210次,CSV
300,臺北市各項稅捐解庫情形108年9月止,臺北市各項稅捐解庫情形108年9月止,2019-10-15,214次,CSV
301,臺北市各項稅捐實徵淨額與預算數及上年同期比較-累計數108年9月,臺北市各項稅捐實徵淨額與預算數及上年同期比較-累計數 108年9月,2019-10-15,216次,CSV
302,臺北市三年來各項稅捐實徵淨額增減比較108年9月,臺北市三年來各項稅捐實徵淨額增減比較108年9月,2019-10-15,216次,CSV
303,臺北市政府消防局各單位通訊錄,提供本府消防局局本部及各外勤大、中、分隊地址、電話及傳真號碼。,2019-10-15,825次,ods
304,臺北市消防分隊駐地位置圖,臺北市消防分隊駐地位置,2019-10-15,2291次,ods
305,臺北市CCTV設施,閉路電視攝影機設備資料,2019-10-15,501次,ZIP
306,社會福利統計_居家服務,社會福利統計_居家服務資料呈現於【社會局局網> 統計資料 > 預告統計資料發布時間表】,2019-10-08,56次,ods
307,臺北市道路交通音量監測不合格情形,臺北市交通音量監測每季不合格情形,2019-10-08,73次,ods
308,臺北市一般地區環境音量監測不合格情形,臺北市一般環境音量監測每季不合格情形,2019-10-08,57次,ods
309,臺北市河川水質,提供臺北市河川水質檢測結果,2019-10-08,3479次,"XLS,ods"
310,臺北市鄰界圖,為配合政府資訊公開政策，俾利業務上運用地理資訊， 特將本市12行政區，456個里下之各鄰界加以建置G...,2019-10-07,565次,ZIP
311,公務出國報告,本府及所屬各機關公務出國報告相關資訊統計,2019-10-05,11123次,"xlsx,ods"
312,臺北市樂齡學習基地資料表,本市樂齡學習基地名稱、地址、電話,2019-10-03,38次,xlsx
313,臺北市心理所,臺北市心理所,2019-10-03,363次,xlsx
314,臺北市精神科診所,臺北市精神科診所,2019-10-03,694次,xlsx
315,臺北市精神醫療院所,臺北市精神醫療院所,2019-10-03,282次,xlsx
316,臺北市精神復健暨精神護理機構,臺北市精神復健暨精神護理機構,2019-10-03,355次,xlsx
317,臺北市政府所屬各機關議會協調案件統計表及數據圖,臺北市政府各機關受理議會協調案件件數統計,2019-10-03,266次,ods
318,臺北市行人專用時相路口及時段,行人專用時相路口及時段,2019-10-02,338次,ZIP
319,臺北市政府公務人員訓練處實體班期訓練概況,臺北市政府公務人員訓練處實體班期訓練概況,2019-10-02,316次,"XLS,xlsx"
320,臺北自來水事業處抄表、計費、收費日程表,臺北自來水事業處抄表、計費、收費日程表,2019-10-02,171次,xlsx
321,臺北e大數位學習107年度報名人次統計,臺北e大數位學習107年度報名人次統計,2019-10-02,27次,xlsx
322,標售價金保管款清冊,按地籍清理條例第14條規定直轄市或縣（市）政府應將代為標售所得土地價金，扣除行 政處理費用、地籍清理...,2019-10-02,121次,XML
323,臺北e大數位學習網課程清單,「臺北e大數位學習網」自90年11月正式開站以來，呈現穩定成長趨勢，目前會員人數已逾50萬人，課程數...,2019-10-02,261次,"CSV,xlsx"
324,臺北市桶裝瓦斯零售商名冊,臺北市桶裝瓦斯零售商名冊。,2019-10-01,1021次,CSV
325,臺北市醫療違規裁處案件統計,臺北市醫療違規裁處案件統計,2019-10-01,244次,CSV
326,臺北市公私立醫療院所,全區醫院、診所,2019-10-01,2923次,xlsx
327,臺北市自動化3D近似建物模型,無,2019-10-01,4次,
328,文具物品管理表,北市警局文具物品使用數量,2019-09-30,3020次,xlsx
329,臺北市火災資料統計月報表,提供本市每月火災各項統計資訊,2019-09-28,468次,"CSV,xlsx"
330,臺北市河濱廁所,"28座河濱公園廁所位置,TWD97座標",2019-09-27,3625次,"CSV,shp,KML"
331,臺北生技獎得獎名單,臺北生技獎得獎名單。,2019-09-26,129次,CSV
332,迪化污水處理廠水質水量速報,101年1月起迪化污水處理廠水質水量速報,2019-09-26,9次,
333,內湖污水處理廠水質水量速報,101年1月起內湖污水處理廠水質水量速報,2019-09-26,11次,
334,八里污水處理廠水質水量速報,101年1月起八里污水處理廠水質水量速報,2019-09-26,4次,
335,迪化污水處理廠回饋金,回饋金使用計畫執行情形,2019-09-26,5次,
336,內湖污水處理廠回饋金,回饋金使用計畫執行情形,2019-09-26,12次,
337,後巷美化,後巷美化統計表,2019-09-26,6次,
338,新建改善工程,新建改善工程統計月報,2019-09-26,6次,
339,用戶接管,用戶接管普及率,2019-09-26,8次,
340,臺北市數值地籍地段圖,為利用地籍圖電腦化管理，辦理重測時若屬圖解法施測區，則將地籍原圖進行數值化；若為數值區，即以數值法施...,2019-09-26,409次,ZIP
341,臺北市政府警察局名稱及地址,警察局各分局、派出所地址,2019-09-25,2702次,CSV
342,臺北市未變性酒精販賣業者登記資料一覽表,臺北市未變性酒精販賣業者登記資料,2019-09-25,123次,xlsx
343,臺北市臺北旅遊網-活動展演,臺北旅遊網-活動展演,2019-09-25,7次,PDF
344,臺北市臺北旅遊網-住宿資料(英文&其他語言),臺北旅遊網-住宿資料,2019-09-25,960次,
345,臺北市臺北旅遊網-住宿資料(中文),臺北旅遊網-住宿資料,2019-09-25,1372次,PDF
346,臺北市臺北旅遊網-美食消費店家,臺北市臺北旅遊網 美食消費店家,2019-09-25,193次,PDF
347,臺北市臺北旅遊網-景點資料(英文&其他語言),臺北旅遊網-景點資料,2019-09-25,37709次,"XML,PDF"
348,臺北市臺北旅遊網-景點資料(中文),臺北旅遊網-景點資料,2019-09-25,45082次,"XML,PDF"
349,臺北市張貼板欄核准地點一覽表,"臺北市張貼板欄核准設置地點,許可期限,許可文號,設置人,管理人/聯絡電話,收費標準等資訊",2019-09-24,272次,png
350,臺北市垃圾掩埋場污水廠水質檢測報告,垃圾掩埋場污水廠水質檢測報告,2019-09-24,6510次,"ods,XLS"
351,台北市家暴通報案件數統計查詢系統,提供臺北市家暴案件通報地圖相關資訊,2019-09-23,141次,CSV
352,臺北市-政府行政機關辦公日曆表,政府行政機關辦公日曆表,2019-09-23,37809次,CSV
353,本府派兼富邦金控公股董事及推薦獨立董事名單,本府派兼富邦金控公股董事及推薦獨立董事名單,2019-09-20,106次,CSV
354,臺北市土地可利用限度圖,依據山坡地保育利用條例進行山坡地土地可利用限度查定結果,2019-09-19,135次,ZIP
355,臺北市自行車租借紀錄,臺北市自行車租借紀錄,2019-09-18,3419次,ZIP
356,寵物旅館,提供寵物旅館之點位資料,2019-09-18,1369次,CSV
357,由府列管個案計畫期中查證報告表,呈現施政計畫期中查證,2019-09-16,509次,"docx,doc,odt"
358,臺北市今日施工資訊,臺北市道路挖掘即時施工通報資訊,2019-09-16,203153次,
359,臺北市今日即時施工影像,臺北市今日即時施工影像案件資訊,2019-09-16,6次,
360,臺北市今日使用道路集會路段,臺北市每日已核准使用道路集會路段資訊(含申請日期與集會地點),2019-09-16,2次,
361,臺北市中小企業融資貸款,臺北市中小企業融資貸款。,2019-09-12,163次,CSV
362,臺北市青年創業融資貸款,臺北市青年創業融資貸款。,2019-09-12,275次,CSV
363,108年度友善廁所名單,108年度友善廁所名單,2019-09-11,220次,PDF
364,臺北市各項稅捐退還以前年度歲入款108年8月止,臺北市各項稅捐退還以前年度歲入款108年8月止,2019-09-11,208次,CSV
365,臺北市各項稅捐解庫情形108年8月止,臺北市各項稅捐解庫情形108年8月止,2019-09-11,218次,CSV
366,臺北市各項稅捐實徵淨額與預算數及上年同期比較增減原因分析說明108年8月,臺北市各項稅捐實徵淨額與預算數及上年同期比較增減原因分析說明108年8月,2019-09-11,208次,CSV
367,臺北市三年來各項稅捐實徵淨額增減比較108年8月,臺北市三年來各項稅捐實徵淨額增減比較108年8月,2019-09-11,205次,CSV
368,臺北市各項稅捐實徵淨額與預算數及上年同期比較-累計數108年8月,臺北市各項稅捐實徵淨額與預算數及上年同期比較-累計數108年8月,2019-09-11,215次,CSV
369,臺北市各項稅捐實徵淨額與預算數及上年同期比較-本月數108年8月,臺北市各項稅捐實徵淨額與預算數及上年同期比較-本月數108年8月,2019-09-11,215次,CSV
370,替代役役男家屬安家費暨三節生活扶助金統計表,替代役役男家屬安家費暨三節生活扶助金統計,2019-09-10,3876次,CSV
371,常備兵役役男家屬安家費暨三節生活扶助金統計表,常備兵役役男家屬安家費暨三節生活扶助金統計,2019-09-10,3762次,CSV
372,役男徵兵檢查BMI值統計表,臺北市役男徵兵檢查BMI值統計,2019-09-10,4004次,CSV
373,役男徵兵檢查體位判等因素分析統計表,臺北市役男徵兵檢查體位判等因素分析統計,2019-09-10,2500次,CSV
374,抽籤人數統計表,臺北市抽籤人數統計,2019-09-10,4238次,CSV
375,臺北市雨量站即時資料API,臺北市雨量即時資料,2019-09-09,313次,
376,臺北市丙型干擾素血液測驗(IGRA)合作醫療院所名單,臺北市丙型干擾素血液測驗(IGRA)合作醫療院所名單,2019-09-09,336次,ods
377,臺北市產後護理之家,臺北市產後護理之家,2019-09-09,2787次,xlsx
378,臺北市救護車資料,臺北市救護車資料,2019-09-09,423次,XLS
379,失智照護服務計畫服務單位,失智照護服務計畫服務單位,2019-09-09,177次,xlsx
380,失智症篩檢合約醫院,失智症篩檢合約醫院,2019-09-09,160次,CSV
381,北市健走步道,北市健走步道,2019-09-09,168次,XLS
382,生育補助合約醫院,生育補助合約醫院,2019-09-09,149次,doc
383,AED自動體外心臟去顫器,AED自動體外心臟去顫器,2019-09-09,502次,CSV
384,社區復健計畫,社區復健計畫,2019-09-09,255次,xlsx
385,臺北市公園基本資料,臺北市公園、綠地、廣場基本資料,2019-09-06,18982次,
386,水庫運轉月報表,翡翠水庫操作運轉月報,2019-09-06,2749次,"xlsx,XLS,ods"
387,臺北市歷史積水紀錄圖,全市歷史積水紀錄圖、圖層空間參考系統座標是TWD97-TM2(zone121)座標,2019-09-06,2210次,"ZIP,KML"
388,臺北市水利處閘閥門,市轄閘閥門位置及名稱採用座標系統TWD97-TM2(zone121)座標提供SHP及WGS84座標提...,2019-09-06,577次,"ZIP,KML"
389,108臺北市各類防災任務學校一覽表,簡表：Word資料，以行政區區分，提供行政區各類收容學校一覽表,2019-09-05,2466次,PDF
390,臺北市孔廟4D劇院播映時段,提供臺北市孔廟4D劇院播映時段,2019-09-05,157次,"CSV,PDF"
391,109年度臺北市總預算案,109年度臺北市總預算案,2019-09-04,85次,CSV
392,路邊停車格位使用情形,路邊停車格位使用情形,2019-09-03,5次,
393,由府列管個案計畫執行進度一覽表,呈現臺北市政府列管施政計畫執行進度。,2019-09-03,1360次,"doc,odt"
394,臺北市政府電視新聞統計週報,臺北市政府電視新聞統計週報,2019-09-03,17327次,"CSV,xlsx,ZIP"
395,108年度臺北市總預算附屬單位預算半年結算報告及綜計表,108年度臺北市總預算附屬單位預算半年結算報告及綜計表,2019-09-02,100次,XML
396,108年度本市總預算半年結算報告,108年度本市總預算半年結算報告,2019-09-02,83次,CSV
397,臺北市110受理民眾報案統計表108.08,臺北市110受理民眾報案統計表108.08,2019-09-02,4次,XLS
398,本府公教人員急難貸款申請人次統計表,本府108年公教人員急難貸款申請情形,2019-08-30,31次,xlsx
399,本府公教人員住宅貸款貸放戶歷年賸餘戶數統計表,自97年起歷年本府公教人員住宅貸款貸放戶賸餘戶數,2019-08-30,41次,xlsx
400,臺北市道路申請活動使用管制圖資,臺北市道路申請活動使用管制圖資,2019-08-29,5次,
401,臺北市執照存根影像,使用執照及建造執照存根影像。,2019-08-28,9次,
402,臺北市政府環境保護局洗街車資料,洗街車路段等相關資訊,2019-08-28,264次,XLS
403,役男申請複檢案件統計表,臺北市役男申請複檢案件統計,2019-08-27,3584次,CSV
404,創新創業空間資料,提供臺北市創新創業空間資料。,2019-08-27,369次,CSV
405,109年度臺北市總預算附屬單位預算案,109年度臺北市總預算附屬單位預算案,2019-08-27,117次,CSV
406,臺北捷運移設連通基本資料,臺北捷運移設連通基本資料,2019-08-23,236次,CSV
407,臺北捷運販賣店出租基本資料,臺北捷運販賣店出租基本資料,2019-08-22,621次,"CSV,xlsx"
408,臺北市各項稅捐實徵淨額與預算數及上年同期比較增減原因分析說明108年7月,臺北市各項稅捐實徵淨額與預算數及上年同期比較增減原因分析說明108年7月,2019-08-22,212次,CSV
409,電動公車,臺北市電動公車行駛路線,2019-08-20,27次,ods
410,臺北捷運地下街店舖出租基本資料,臺北捷運地下街店舖出租基本資料,2019-08-20,634次,CSV
411,臺北捷運地下人行廣場出租基本資料,臺北捷運地下人行廣場出租基本資料,2019-08-20,596次,"CSV,xlsx"
412,臺北市肇事路口,臺北市肇事路口之排名、肇事時段統計、多事故路口統計，本資料不定期更新,2019-08-20,10067次,"CSV,TXT,ods"
413,臺北市水利處雨水下水道水位監測站,雨水下水道水位監測站位置及名稱採用座標系統TWD97-TM2(zone121)座標提供SHP及KML...,2019-08-20,782次,"ZIP,KML"
414,103年臺北市稅捐稽徵處電話問卷調查報告,103年臺北市稅捐稽徵處電話問卷調查報告,2019-08-19,78次,CSV
415,105年度全功能服務櫃臺統計表,項目分類、服務項目、件數、跨機關件數,2019-08-19,102次,CSV
416,104年臺北市稅捐稽徵處電話問卷調查報告,104年臺北市稅捐稽徵處電話問卷調查報告,2019-08-19,73次,CSV
417,105年臺北市稅捐稽徵處電話問卷調查報告,105年臺北市稅捐稽徵處電話問卷調查報告,2019-08-19,132次,CSV
418,106年臺北市稅捐稽徵處電話問卷調查報告,106年臺北市稅捐稽徵處電話問卷調查報告,2019-08-19,70次,CSV
419,107年臺北市稅捐稽徵處電話問卷調查報告,107年臺北市稅捐稽徵處電話問卷調查報告,2019-08-19,338次,CSV
420,101年度全功能服務櫃臺統計表,"項目分類、服務項目、件數、跨機關件數
",2019-08-19,72次,CSV
421,102年度全功能服務櫃臺統計表,"項目分類、服務項目、件數、跨機關件數
",2019-08-19,65次,CSV
422,103年度全功能服務櫃臺統計表,"項目分類、服務項目、件數、跨機關件數
",2019-08-19,66次,CSV
423,104年度全功能服務櫃臺統計表,"項目分類、服務項目、件數、跨機關件數
",2019-08-19,77次,CSV
424,106全功能服務櫃臺統計表,項目分類、服務項目、件數、跨機關件數,2019-08-19,258次,CSV
425,107全功能服務櫃臺統計表,項目分類、服務項目、件數、跨機關件數,2019-08-19,93次,CSV
426,102年臺北市稅捐稽徵處電話問卷調查報告,102年臺北市稅捐稽徵處電話問卷調查報告,2019-08-19,120次,CSV
427,107年臺北市稅捐稽徵處中英文簡介,107年臺北市稅捐稽徵處中英文簡介,2019-08-19,38次,CSV
428,地方稅簡介電子書,地方稅簡介電子書,2019-08-19,39次,CSV
429,107年節稅秘笈電子書,107年節稅秘笈電子書,2019-08-19,32次,CSV
430,107年稅務小常識電子書,107年稅務小常識電子書,2019-08-19,40次,CSV
431,100年臺北市稅捐稽徵處推行親民服務民意反映問卷調查報告,100年臺北市稅捐稽徵處推行親民服務民意反映問卷調查報告,2019-08-19,33次,CSV
432,臺北市政府委託研究報告,本府歷年委託研究報告資料。,2019-08-19,768次,ods
433,99年臺北市稅捐稽徵處推行親民服務民意反映問卷調查報告,99年臺北市稅捐稽徵處推行親民服務民意反映問卷調查報告,2019-08-19,30次,CSV
434,98年臺北市稅捐稽徵處推行親民服務民意反映問卷調查報告,98年臺北市稅捐稽徵處推行親民服務民意反映問卷調查報告,2019-08-19,27次,CSV
435,97年臺北市稅捐稽徵處推行親民服務民意反映問卷調查報告,97年臺北市稅捐稽徵處推行親民服務民意反映問卷調查報告,2019-08-19,27次,CSV
436,96年臺北市稅捐稽徵處推行親民服務民意反映問卷調查報告,96年臺北市稅捐稽徵處推行親民服務民意反映問卷調查報告,2019-08-19,29次,CSV
437,95年臺北市稅捐稽徵處推行親民服務民意反映問卷調查報告,95年臺北市稅捐稽徵處推行親民服務民意反映問卷調查報告,2019-08-19,30次,CSV
438,94年臺北市稅捐稽徵處推行親民服務民意反映問卷調查報告,94年臺北市稅捐稽徵處推行親民服務民意反映問卷調查報告,2019-08-19,29次,CSV
439,101年臺北市稅捐稽徵處推行親民服務民意反映問卷調查報告,101年臺北市稅捐稽徵處推行親民服務民意反映問卷調查報告,2019-08-19,59次,CSV
440,臺北市稅捐稽徵處及分處聯絡資訊,臺北市稅捐稽徵處及分處聯絡資訊,2019-08-19,70次,CSV
441,臺北市殯葬禮儀公司,本市登記之合法殯葬禮儀公司地址及連絡方式,2019-08-19,889次,CSV
442,臺北市環保義工大隊人數概況,臺北市環保義工大隊人數概況,2019-08-16,94次,PDF
443,臺北市各項稅捐退還以前年度歲入款108年7月止,臺北市各項稅捐退還以前年度歲入款108年7月止,2019-08-15,216次,CSV
444,臺北市各項稅捐解庫情形108年7月止,臺北市各項稅捐解庫情形108年7月止,2019-08-15,218次,CSV
445,臺北市三年來各項稅捐實徵淨額增減比較108年7月,臺北市三年來各項稅捐實徵淨額增減比較108年7月,2019-08-15,222次,CSV
446,臺北市各項稅捐實徵淨額與預算數及上年同期比較-累計數108年7月,臺北市各項稅捐實徵淨額與預算數及上年同期比較-累計數108年7月,2019-08-15,219次,CSV
447,臺北市各項稅捐實徵淨額與預算數及上年同期比較-本月數108年7月,臺北市各項稅捐實徵淨額與預算數及上年同期比較-本月數108年7月,2019-08-15,210次,CSV
448,109年度臺北市稅式支出報告,臺北市稅式支出報告,2019-08-15,38次,CSV
449,108年重大欠稅公告,"公告108年臺北市地方稅個人累計欠稅逾1,000萬元或營利事業累計欠稅逾5,000萬元欠稅人名冊，公...",2019-08-13,328次,CSV
450,臺北市空氣中總懸浮微粒及落塵量檢驗結果統計,提供臺北市空氣中總懸浮微粒及落塵量檢驗結果統計,2019-08-13,3649次,"ods,XLS"
451,臺北市環境空氣品質監測結果月報表,提供臺北市環境保護局空氣品質監測站之每月監測值統計結果,2019-08-13,3613次,"CSV,ods,XLS,xlsx"
452,捷運民生汐止線郵寄問卷內容與調查結果報告,捷運民生汐止線辦理環評期間，因應部分民眾反應及環評調查需求，辦理民生社區路段及民權東路替代路段郵寄問...,2019-08-08,44次,"odt,PDF"
453,山坡地違規潛勢分級圖層,依據山坡地違規案例使用資料挖掘及克利金法產製違規潛勢圖 ,2019-08-08,158次,7z
454,臺北市政府委託研究案建議事項採行情形,本府委託研究案建議事項採行情形,2019-08-07,328次,odt
455,台北市青年農民聯絡資訊,台北市青年農民聯絡資訊,2019-08-07,138次,CSV
456,臺北市有機農場,臺北市取得有機驗證之有機農場名單。,2019-08-07,158次,CSV
457,臺北市固定里民活動場所資料,本市各固定里民活動場所設置地址,2019-08-07,303次,ods
458,臺北市哺集乳室,"(1)臺北市依法應設哺集乳室：依據公共場所母乳哺育條例規範所設置之哺集乳室 
(2)友善臺北哺乳室...",2019-08-07,1016次,CSV
459,車輛偵測器(VD)資料,車輛偵測器(VD)蒐集之道路資訊(檔案為gz格式壓縮，原始檔案為XML格式),2019-08-06,8次,
460,消費者物價指數,臺北市消費者物價指數基本分類、臺北市消費者物價商品性質分類、臺北市所得層級別消費者物價、臺北市消費者...,2019-08-06,98次,
461,營造工程物價指數,臺北市營造工程物價基本分類、臺北市建築工程物價、臺北市土木工程物價、臺北市營造工程物價總指數,2019-08-06,33次,
462,臺北市四癌篩檢醫療院所,臺北市提供免費四癌篩檢服務之醫療院所,2019-08-02,2766次,"xlsx,JSON"
463,臺北市急救責任醫院,臺北市急救責任醫院,2019-08-01,367次,CSV
464,臺北市110受理民眾報案統計表108.07,臺北市110受理民眾報案統計表108.07,2019-08-01,5次,PDF
465,身障就業資源地圖,"身障就業資源地圖(職業重建暨就業服務、職業輔導評量服務、職務再設計、就業服務機構、庇護工場)
依身...",2019-07-31,333次,CSV
466,公有土地完成無償撥用清冊,提供臺北市政府地政局辦理「本市公有（非市有）空地清查與活化專案」，自104年5月起完成無償撥用之公有...,2019-07-30,268次,XML
467,屆滿或即將屆滿15年未領歸屬國庫案件,因受領遲延、拒絕受領或不能受領之土地徵收補償費，存入國庫專戶保管並自通知送達發生效力之日起，逾15年...,2019-07-30,126次,XML
468,臺北市河濱公園涼亭,臺北市河濱公園涼亭與橋下休憩位置,2019-07-30,544次,"KML,ZIP"
469,臺北市河濱公園越堤階梯,臺北市河濱公園越堤梯位置,2019-07-30,509次,"KML,ZIP"
470,臺北市居家護理所,臺北市居家護理機構,2019-07-29,571次,CSV
471,臺北市銜接長期出院準備友善醫院,臺北市銜接長期出院準備友善醫院,2019-07-29,153次,CSV
472,臺北市核准身障福利團體設置舊衣回收箱,臺北市核准身障福利團體設置舊衣回收箱,2019-07-26,2801次,CSV
473,員工休閒隊社專區,本府員工休閒隊社簡介,2019-07-24,4次,
474,雨水下水道即時水位資料,雨水下水道即時水位API介接,2019-07-24,149次,PDF
475,河川水位即時資料,河川水位即時資料API介接,2019-07-24,42次,PDF
476,水利處抽水站運轉狀態,雨水抽水站即時運轉資料API介接,2019-07-24,42次,PDF
477,臺北市事業廢棄物再利用者登記資料,"臺北市事業廢棄物再利用者登記資料，管制編號,名稱,地址,廢棄物來源,檢核通過日期,檢核到期日期,批發...",2019-07-24,295次,xlsx
478,臺北市甲級廢棄物清除處理機構名單,"臺北市甲級廢棄物清除處理機構級別,管制編號,機構名稱,電話,機構地址,主要營業項目,許可證字號等資訊",2019-07-24,354次,CSV
479,臺北市飲用水檢驗測定機構,取得中央主管機關核發許可證之環境檢驗測定機構,2019-07-23,292次,xlsx
480,臺北市公共場所飲水機資訊,提供民眾本市公共場所設置飲用水設備相關資訊，包含設置場所之地點、設置飲水機數量及管理單位聯絡方式等資...,2019-07-23,28027次,CSV
481,臺北市智慧園燈微型氣象站偵測結果,提供臺北市5盞智慧園燈之微型氣象站現地偵測結果歷史資訊。,2019-07-23,246次,xlsx
482,臺北市立動物園_動物資料,本資料集提供臺北市立動物園園區之動物導覽整合資訊，藉由文字、圖片、影音等解說媒，融合保育及教育的觀點...,2019-07-22,54022次,CSV
483,YouBike臺北市公共自行車即時資訊,為提供更優質之資料服務，YouBike臺北市公共自行車即時資訊介接網址自10月16日起改為http:...,2019-07-18,346824次,
484,庇護商品館(臺北市庇護工場名冊),臺北市庇護工場通訊資料,2019-07-18,271次,CSV
485,107學年度臺北市國民中小學餘裕空間情形一覽表,一、為使本市學校資源有效利用，本局積極辦理校園餘裕空間多元活化，包含設置社會局托嬰機構、非營利幼兒園...,2019-07-18,908次,CSV
486,翡翠水庫水情資料,每小時水庫水位、有效蓄水量、水庫蓄水百分比，以及當日累積翡翠雨量站、十三股雨量站、九芎根雨量站、坪林...,2019-07-18,1532次,XML
487,臺北市福利據點,臺北市福利據點圖資資料,2019-07-17,195次,ZIP
488,臺北市政府各機關公務人員進修費用補助一覽表,臺北市政府各機關公務人員進修費用補助一覽表,2019-07-16,65次,"XLS,xlsx"
489,臺北市各項稅捐退還以前年度歲入款108年6月止,臺北市各項稅捐退還以前年度歲入款108年6月止,2019-07-15,221次,CSV
490,臺北市各項稅捐解庫情形108年6月止,臺北市各項稅捐解庫情形108年6月止,2019-07-15,217次,CSV
491,臺北市三年來各項稅捐實徵淨額增減比較108年6月,臺北市三年來各項稅捐實徵淨額增減比較108年6月,2019-07-15,226次,CSV
492,臺北市各項稅捐實徵淨額與預算數及上年同期比較增減原因分析說明108年6月,臺北市各項稅捐實徵淨額與預算數及上年同期比較增減原因分析說明108年6月,2019-07-15,223次,CSV
493,臺北市各項稅捐實徵淨額與預算數及上年同期比較-累計數108年6月,臺北市各項稅捐實徵淨額與預算數及上年同期比較-累計數108年6月,2019-07-15,217次,CSV
494,臺北市各項稅捐實徵淨額與預算數及上年同期比較-本月數108年6月,臺北市各項稅捐實徵淨額與預算數及上年同期比較-本月數108年6月,2019-07-15,211次,CSV
495,臺北市生物多樣性,提供臺北市生物多樣性指標調查計畫原始物種調查資料,2019-07-11,53次,CSV
496,徵集人數統計表,臺北市徵集人數統計,2019-07-11,2815次,CSV
497,替代役役男家屬各項扶(慰)助經費統計表,替代役役男家屬各項扶(慰)助經費統計,2019-07-11,1067次,CSV
498,常備兵役役男家屬各項扶(慰)助經費統計表,常備兵役役男家屬各項扶(慰)助經費統計,2019-07-11,1080次,CSV
499,臺北市產業發展獎勵補助計畫---獲獎勵補助廠商基本資料,臺北市產業發展獎勵補助計畫---獲獎勵補助廠商基本資料 。 ,2019-07-11,1469次,CSV
500,臺北市生物多樣性,提供臺北市生物多樣性指標調查計畫物種調查網格分布圖,2019-07-11,296次,ZIP
501,臺北市汽車竊盜點位資訊,臺北市104年1月-108年6月份汽車竊盜點位資訊,2019-07-09,1773次,CSV
502,共融式遊戲場資訊,共融式遊戲場資訊,2019-07-08,8310次,CSV
503,臺北市政府建設公債108年度各期本息撥付表,臺北市政府建設公債108年度各期本息撥付表,2019-07-08,121次,CSV
504,臺北市各區災害應變中心領取沙包專線電話一覽表,提供臺北市領取沙包資料。,2019-07-05,277次,CSV
505,臺北市易積水地區,全市易積水地區範圍、圖層空間參考系統座標是TWD97-TM2(zone121)座標,2019-07-04,498次,"ZIP,KML"
506,臺北市政府100年度至107年度歲入預決算比較表,"1.主計處網站公告00年度臺北市政府地方總預算資料。
2.依前開地方總預算資料編製臺北市政府歲入預...",2019-07-04,133次,CSV
507,臺北市菸酒製造業者資料一覽表,揭露臺北市菸酒製造業者等相關資料，俾供消費者洽詢或申訴等事宜，以維護其權益。,2019-07-03,107次,CSV
508,108年度果菜及家禽批發市場休市日,108年度果菜及家禽批發市場休市日,2019-07-03,92次,CSV
509,臺北市URS都市再生前進基地資料清冊,臺北市URS都市再生前進基地資料清冊,2019-07-02,58次,CSV
510,田園城市點位圖資,田園城市點位圖資介紹(包含：快樂農園、綠屋頂、小田園、市民農園點位圖資),2019-07-02,36次,
511,臺北市110受理民眾報案統計表108.06,臺北市110受理民眾報案統計表108.06,2019-07-01,9次,XLS
512,臺北市木柵垃圾焚化廠營運管理及環境品質監測報告,本資料集主要提供木柵垃圾焚化廠焚化廠營運管理(包括焚化爐操作、垃圾進廠管理、飛灰與底渣清運、處理及作...,2019-06-28,3571次,odt
513,家庭收支記帳調查,臺北市每戶家庭支出─月別、臺北市每戶家庭支出─經濟戶長行業別、臺北市每戶家庭支出─經濟戶長職業別、臺...,2019-06-28,43次,
514,臺北市搶救不易狹小巷道清冊,提供查詢搶救不易狹小巷道,2019-06-27,64次,ods
515,臺北地區災時供水狀態資訊,臺北地區災時停水與減壓區域及相關資訊(取供水站、防災水井、旱災買水站),2019-06-27,117次,
516,臺北市都市更新及爭議處理審議會歷次會議通案重要審議原則,臺北市都市更新及爭議處理審議會歷次會議通案重要審議原則,2019-06-26,228次,CSV
517,臺北市都市更新事業(重建區段)建築物工程造價要項,"臺北市都市更新事業(重建區段)建築物工程造價要項
",2019-06-26,255次,CSV
518,簽署同意書提醒事項,簽署同意書提醒事項,2019-06-26,99次,CSV
519,都市更新事業及權利變換計畫內有關費用提列總表,"都市更新事業及權利變換計畫內有關費用提列總表
",2019-06-26,322次,CSV
520,市區道路速限表,臺北市市區道路行車速限別於法定速限（50公里）之道路及路段 (本表僅供參考，依據現場標誌為準。),2019-06-25,701次,ods
521,臺北市公車專用道,公車專用道資料,2019-06-25,479次,"ZIP,KML"
522,公車動態資訊(總索引),臺北市文件請參閱以下連結。https://www-ws.gov.taipei/001/Upload/...,2019-06-24,80次,
523,新生兒危急型先天心臟病篩檢合約醫院,新生兒危急型先天心臟病篩檢合約醫院,2019-06-24,171次,CSV
524,新生兒聽力篩檢合約醫院,新生兒聽力篩檢合約醫院,2019-06-24,258次,CSV
525,學童塗氟及窩溝封填合約醫院,學童塗氟及窩溝封填合約醫院,2019-06-24,219次,CSV
526,兒童預防保健服務醫療院所,兒童預防保健服務醫療院所,2019-06-24,195次,CSV
527,衛生局推動性別主流化相關資料,衛生局推動性別主流化資料呈現於【臺北市政府衛生局 » 機關業務 » 業務資訊 » 性別主流化專區】,2019-06-24,5次,
528,臺北市政府衛生局EIS指標報表,EIS（Executive Information System）指標執行情形一覽表,2019-06-24,92次,PDF
529,臺北市立動物園_館區簡介,本資料集提供臺北市立動物園園區所屬之館區簡介，包含戶外、室內及特展等三大類展示場域之館區簡介。(本資...,2019-06-21,45686次,CSV
530,臺北市政府消防局EOC開放資料專區,臺北市政府消防局EOC開放資料專區,2019-06-21,4次,
531,臺北市垃圾清運點位資訊,臺北市垃圾清運點位資訊,2019-06-20,319次,
532,臺北市立動物園_服務設施,本資料集提供臺北市立動物園園區之服務設施，包含諮詢售票、醫護急救、交通服務、設施服務和餐飲服務等五大...,2019-06-19,5700次,CSV
533,文獻館場館,文獻館場館介紹,2019-06-18,129次,CSV
534,臺北市里界圖,行政里界之調整為本局之權責，另為推動業務上運用地理資訊，特將本市456個里加以建置GIS圖層供各公務...,2019-06-17,900次,ZIP
535,臺北市區界圖,行政區界之調整為本局之權責，另為推動業務上運用地理資訊，特將本市十二個行政區加以建置GIS圖層供各公...,2019-06-17,1345次,ZIP
536,都市更新停看聽,都市更新停看聽,2019-06-14,238次,CSV
537,審議會議程及記錄,審議會議程及記錄,2019-06-14,97次,CSV
538,臺北市都市再生前進基地推動計畫補助要點,臺北市都市再生前進基地推動計畫補助要點,2019-06-14,26次,doc
539,更新(地區)範圍圖資訊,更新(地區)範圍圖資訊,2019-06-14,93次,CSV
540,臺北市都市更新相關法規,"臺北市都市更新相關法規
",2019-06-14,28次,CSV
541,自行劃定更新單元查詢,自行劃定更新單元查詢,2019-06-14,29次,
542,已核准自行劃定更新單元案件,已核准自行劃定更新單元案件,2019-06-14,19次,CSV
543,臺北市各項稅捐實徵淨額與預算數及上年同期比較增減原因分析說明108年5月,臺北市各項稅捐實徵淨額與預算數及上年同期比較增減原因分析說明108年5月,2019-06-14,209次,CSV
544,臺北市各項稅捐退還以前年度歲入款108年5月止,臺北市各項稅捐退還以前年度歲入款108年5月止,2019-06-14,212次,CSV
545,臺北市各項稅捐解庫情形108年5月止,臺北市各項稅捐解庫情形108年5月止,2019-06-14,216次,CSV
546,臺北市各項稅捐實徵淨額與預算數及上年同期比較-本月數108年5月,臺北市各項稅捐實徵淨額與預算數及上年同期比較-本月數108年5月,2019-06-14,224次,CSV
547,臺北市各項稅捐實徵淨額與預算數及上年同期比較-累計數108年5月,臺北市各項稅捐實徵淨額與預算數及上年同期比較-累計數108年5月,2019-06-14,218次,CSV
548,臺北市三年來各項稅捐實徵淨額增減比較108年5月,臺北市三年來各項稅捐實徵淨額增減比較108年5月,2019-06-14,231次,CSV
549,臺北市地下水監測結果,提供臺北市地下水監測結果,2019-06-14,1168次,"ods,XLS"
550,新光特展館(大貓熊館)參觀票券,提供臺北市立動物園新光特展館(大貓熊館)參觀票券抽取最新訊息，包含每日是否休館、是否抽票，以及停展說...,2019-06-13,4559次,CSV
551,農業類農情調查資料,農業類農情調查資料。,2019-06-12,451次,CSV
552,臺北市市有公用未利用土地清冊,臺北市市有公用未利用土地清冊,2019-06-12,100次,CSV
553,臺北市市有公用閒置堪用建物清冊,臺北市市有公用閒置堪用建物清冊,2019-06-12,211次,CSV
554,交通局事件資訊(測試中),交通局事件資訊(測試中),2019-06-11,544次,
555,臺北市區民活動中心資料,本市各行政區管轄區民活動中心地址,2019-06-10,346次,ods
556,花博公園展館資訊,花博公園展館資訊。,2019-06-04,431次,"utf-8,CSV,xlsx"
557,景點統計資料,台北市主要景點人數統計,2019-06-04,1246次,
558,台北花博農民市集~全國農特產品展售會業績表,台北花博農民市集~全國農特產品展售會業績表,2019-06-04,267次,"utf-8,CSV"
559,臺北市各區里疏散避難圖資訊(南港區),提供臺北市各區里疏散避難圖資訊,2019-06-03,235次,CSV
560,臺北市地區農會信用部地址一覽表,臺北市地區農會信用部地址一覽表。,2019-06-03,198次,CSV
561,臺北市市民農園承租資訊,臺北市市民農園承租資訊。,2019-06-03,163次,CSV
562,臺北市休閒農場基本資料,臺北市休閒農場基本資料,2019-06-03,277次,CSV
563,臺北市110受理民眾報案統計表108.05,臺北市110受理民眾報案統計表108.04,2019-06-03,2次,XLS
564,106年度臺北市地方總決算,106年度臺北市地方總決算,2019-06-03,359次,CSV
565,105年度臺北市地方總決算,105年度臺北市地方總決算,2019-06-03,386次,CSV
566,107年度臺北市地方總決算,107年度臺北市地方總決算,2019-06-03,169次,CSV
567,104年度臺北市稅捐統計年報,104年度臺北市稅捐統計年報,2019-06-03,195次,CSV
568,107年度臺北市地方總決算附屬單位決算,107年度臺北市地方總決算附屬單位決算,2019-06-03,523次,XML
569,竹子湖海芋觀光農園資料,竹子湖海芋觀光農園資料。,2019-05-31,181次,CSV
570,臺北市大安區區民活動中心無障礙設施設置資料,提供本所權管區民活動中心無障礙設施設置資料表,2019-05-31,255次,ods
571,建築執照檔案圖說複列印,每張圖資A0尺寸110元，A1尺寸60元,2019-05-31,967次,
572,使用執照存根,A4尺寸，以每張20元計費。,2019-05-31,836次,
573,機車使用牌照稅稅額表,機車使用牌照稅稅額表,2019-05-31,57次,CSV
574,完全以電能為動力之電動機車使用牌照稅稅額表,完全以電能為動力之電動機車使用牌照稅稅額表,2019-05-31,31次,CSV
575,完全以電能為動力之電動小客車使用牌照稅稅額表,完全以電能為動力之電動小客車使用牌照稅稅額表,2019-05-31,27次,CSV
576,完全以電能為動力之電動大客車及貨車使用牌照稅稅額表,完全以電能為動力之電動大客車及貨車使用牌照稅稅額表,2019-05-31,25次,CSV
577,小客車使用牌照稅稅額表,小客車使用牌照稅稅額表,2019-05-31,23次,CSV
578,大客車及貨車使用牌照稅稅額表,大客車及貨車汽缸排氣量對應稅額表,2019-05-31,26次,CSV
579,臺北市門牌位置數值資料,本局依門牌異動資料， 辦理現場調查並建置之數值資料；其內容涵蓋門牌號碼與門牌位置坐標等數值資料。 ,2019-05-31,878次,
580,建築執照檔案圖說(縮影資料)複印,圖資為A3尺寸，每張3元,2019-05-31,820次,
581,建築執照地籍套繪圖列印,套繪圖資為A4尺寸，每張50元,2019-05-31,829次,
582,控制點,"測量控制點坐標
",2019-05-31,829次,
583,臺北市公費流感抗病毒藥劑合約院所,臺北市公費流感抗病毒藥劑合約院所,2019-05-30,329次,utf-8
584,臺北市健康促進醫院,臺北市健康促進醫院,2019-05-30,298次,CSV
585,臺北市政府廉政透明委員會,臺北市政府為有效落實本府透明廉政公約，將現有本府「廉政肅貪中心」修正名稱為「廉政透明委員會」，期能促...,2019-05-29,4次,
586,臺北市政府政風處檢舉管道,提供市民檢舉不法管道與檢舉獎金等資訊,2019-05-29,4次,
587,臺北市最近5年地價稅稅源統計表,臺北市最近5年地價稅稅源統計表,2019-05-28,205次,CSV
588,107年下半年臺北市違章漏稅案件處理情形,107年下半年臺北市違章漏稅案件處理情形,2019-05-28,59次,CSV
589,臺北市與各姊妹市締結資料,臺北市與49個城市締盟資料,2019-05-27,469次,"CSV,PDF"
590,107年上半年臺北市違章漏稅案件處理情形,107年上半年臺北市違章漏稅案件處理情形,2019-05-27,55次,CSV
591,臺北市行道樹分佈圖,提供臺北市行道樹位置,2019-05-24,446次,XML
592,臺北市房屋構造標準單價表,臺北市房屋構造標準單價表,2019-05-24,1536次,CSV
593,臺北市房屋街路等級調整率表,臺北市房屋街路等級調整率表,2019-05-24,371次,CSV
594,107年度地價稅開徵概況-按納稅義務人性別分,107年度地價稅開徵概況-按納稅義務人性別分,2019-05-23,107次,CSV
595,10804土地增值稅徵收,10804土地增值稅徵收,2019-05-23,205次,CSV
596,108年第1季臺北市契稅查定,108年第1季臺北市契稅查定,2019-05-23,210次,CSV
597,107年度房屋稅開徵概況-按納稅義務人性別分,107年度房屋稅開徵概況-按納稅義務人性別分,2019-05-23,99次,CSV
598,107年度房屋稅查定,107年度房屋稅查定,2019-05-23,107次,CSV
599,107年度臺北市房屋稅徵績-滯納期滿,107年度臺北市房屋稅徵績-滯納期滿,2019-05-23,79次,CSV
600,107年度臺北市房屋稅徵績-徵期結束,107年度臺北市房屋稅徵績-徵期結束,2019-05-23,83次,CSV
601,102年多元繳稅統計表,臺北市稅捐稽徵處多元繳稅統計,2019-05-23,111次,CSV
602,103年多元繳稅統計表,臺北市稅捐稽徵處多元繳稅統計,2019-05-23,94次,CSV
603,104年多元繳稅統計表,"臺北市稅捐稽徵處多元繳稅統計
",2019-05-23,84次,CSV
604,105年多元繳稅統計表,臺北市稅捐稽徵處多元繳稅統計,2019-05-23,102次,CSV
605,106年多元繳稅統計表,臺北市稅捐稽徵處多元繳稅統計,2019-05-23,143次,CSV
606,107年多元繳稅統計表,臺北市稅捐稽徵處多元繳稅統計,2019-05-23,89次,CSV
607,臺北市106-107年度徵起之國稅、縣市稅分成數額表,"1.財政部財政統計資料庫公告00年度00年度徵起之國稅、縣市稅分成數額資料。
2.依前開資料庫資料...",2019-05-23,64次,CSV
608,107年度臺北市房屋概況,107年度臺北市房屋概況,2019-05-23,167次,CSV
609,臺北市受保護樹木,受保護樹木,2019-05-23,615次,XML
610,臺北市政府近5年歲入結構表,"1.主計處網站公告00年度臺北市政府地方總預決算資料。
2.依前開地方總預決算資料編製臺北市政府歲...",2019-05-23,103次,CSV
611,臺北市最近5年契稅綜合統計表,臺北市最近5年契稅綜合統計表,2019-05-22,101次,CSV
612,臺北市最近5年房屋稅綜合統計表,臺北市最近5年房屋稅綜合統計表,2019-05-22,108次,CSV
613,107年度-地價稅徵績-滯納期滿,107年度-地價稅徵績-滯納期滿,2019-05-21,82次,CSV
614,107年度-地價稅徵績-徵期結束,107年度-地價稅徵績-徵期結束,2019-05-21,105次,CSV
615,臺北市政府客家事務委員會場地使用時間及收費基準表,提供臺北市政府客家委員會所屬館舍之「館室別」、「場地名稱」、「面積」、「設備」及「場地費用」等5大部...,2019-05-21,68次,docx
616,臺北市稅捐稽徵處歷年(70年起)地價稅累進起點地價及課稅級距表,臺北市稅捐稽徵處歷年(70年起)地價稅累進起點地價及課稅級距表,2019-05-21,368次,CSV
617,臺北市政府消防局EOC開放資料專區,臺北市政府消防局EOC開放資料專區,2019-05-21,1002次,
618,臺北市三年來各項稅捐實徵淨額增減比較108年4月,臺北市三年來各項稅捐實徵淨額增減比較108年4月,2019-05-20,218次,CSV
619,臺北市三年來各項稅捐實徵淨額增減比較108年3月,臺北市三年來各項稅捐實徵淨額增減比較108年3月,2019-05-20,138次,CSV
620,臺北市三年來各項稅捐實徵淨額增減比較108年2月,臺北市三年來各項稅捐實徵淨額增減比較108年2月,2019-05-20,160次,CSV
621,臺北市三年來各項稅捐實徵淨額增減比較108年1月,臺北市三年來各項稅捐實徵淨額增減比較108年1月,2019-05-20,205次,CSV
622,臺北市各項稅捐解庫情形108年3月止,臺北市各項稅捐解庫情形108年3月止,2019-05-20,149次,CSV
623,臺北市三年來各項稅捐實徵淨額增減比較107年12月,臺北市三年來各項稅捐實徵淨額增減比較107年12月,2019-05-20,80次,CSV
624,臺北市各項稅捐實徵淨額與預算數及上年同期比較-累計數108年4月,臺北市各項稅捐實徵淨額與預算數及上年同期比較-累計數108年4月,2019-05-20,221次,CSV
625,臺北市各項稅捐實徵淨額與預算數及上年同期比較-累計數108年3月,臺北市各項稅捐實徵淨額與預算數及上年同期比較-累計數108年3月,2019-05-20,149次,CSV
626,臺北市各項稅捐實徵淨額與預算數及上年同期比較-累計數108年2月,臺北市各項稅捐實徵淨額與預算數及上年同期比較-累計數108年2月,2019-05-20,188次,CSV
627,臺北市各項稅捐實徵淨額與預算數及上年同期比較-累計數108年1月,臺北市各項稅捐實徵淨額與預算數及上年同期比較─累計數108年1月,2019-05-20,173次,CSV
628,臺北市各項稅捐實徵淨額與預算數及上年同期比較-累計數107年12月,臺北市各項稅捐實徵淨額與預算數及上年同期比較-累計數107年12月,2019-05-20,81次,CSV
629,臺北市各項稅捐實徵淨額與預算數及上年同期比較-累計數107年11月,臺北市各項稅捐實徵淨額與預算數及上年同期比較-累計數107年11月,2019-05-20,185次,CSV
630,107年度臺北市房屋稅稅源-按使用別,107年度臺北市房屋稅稅源-按使用別,2019-05-20,192次,CSV
631,圖根點,"臺北市轄區圖根點
",2019-05-17,826次,
632,地籍圖,臺北市轄區地籍圖,2019-05-17,870次,
633,臺北市各項稅捐實徵淨額與預算數及上年同期比較-本月數108年4月,臺北市各項稅捐實徵淨額與預算數及上年同期比較-本月數108年4月,2019-05-17,212次,CSV
634,臺北市各項稅捐實徵淨額與預算數及上年同期比較-本月數108年3月,臺北市各項稅捐實徵淨額與預算數及上年同期比較-本月數108年3月,2019-05-17,158次,CSV
635,臺北市各項稅捐實徵淨額與預算數及上年同期比較-本月數108年2月,臺北市各項稅捐實徵淨額與預算數及上年同期比較-本月數108年2月,2019-05-17,187次,CSV
636,臺北市各項稅捐實徵淨額與預算數及上年同期比較-本月數108年1月,臺北市各項稅捐實徵淨額與預算數及上年同期比較-本月數108年1月,2019-05-17,167次,CSV
637,臺北市各項稅捐實徵淨額與預算數及上年同期比較-本月數107年12月,臺北市各項稅捐實徵淨額與預算數及上年同期比較-本月數107年12月,2019-05-17,151次,CSV
638,臺北市各項稅捐實徵淨額與預算數及上年同期比較-本月數107年11月,臺北市各項稅捐實徵淨額與預算數及上年同期比較-本月數107年11月,2019-05-17,176次,CSV
639,臺北市各項稅捐解庫情形108年4月止,臺北市各項稅捐解庫情形108年4月止,2019-05-17,212次,CSV
640,臺北市各項稅捐解庫情形108年2月止,臺北市各項稅捐解庫情形108年2月止,2019-05-17,159次,CSV
641,臺北市各項稅捐解庫情形108年1月止,臺北市各項稅捐解庫情形108年1月止,2019-05-17,193次,CSV
642,臺北市各項稅捐解庫情形107年12月止,臺北市各項稅捐解庫情形107年12月止,2019-05-17,68次,CSV
643,臺北市各項稅捐解庫情形107年11月止,臺北市各項稅捐解庫情形107年11月止,2019-05-17,180次,CSV
644,臺北市三年來各項稅捐實徵淨額增減比較107年11月,臺北市三年來各項稅捐實徵淨額增減比較107年11月,2019-05-17,175次,CSV
645,107年度臺北市稅捐稽徵處各項稅收稽徵成本,107年度臺北市稅捐稽徵處各項稅收稽徵成本,2019-05-17,148次,CSV
646,臺北市地形圖數值圖檔申請,臺北市政府都市發展局數值地形圖圖檔申請，可以提供市民在網路上申請：http://www.map.ud...,2019-05-16,920次,
647,使用牌照稅稅源統計表,臺北市使用牌照稅稅源統計表,2019-05-16,97次,CSV
648,地籍圖數值資料檔,"全臺北市各地段地籍圖數值化或數值資料
",2019-05-16,843次,
649,臺北市各項稅捐退還以前年度歲入款108年3月止,臺北市各項稅捐退還以前年度歲入款108年3月止,2019-05-16,160次,CSV
650,107年臺北市各項稅捐徵收數,107年臺北市各項稅捐徵收數,2019-05-16,238次,CSV
651,10611-臺北市稅捐稽徵處電影售票概況,10611-臺北市稅捐稽徵處電影售票概況,2019-05-15,166次,CSV
652,10610-電影票售票概況,10610-電影票售票概況,2019-05-15,293次,CSV
653,10609-電影票售票概況,10609電影票售票概況,2019-05-15,204次,CSV
654,公告標售土地清冊,屬於「未依有關法令清理的神明會」、「以日據時期會社或組合名義登記」、「土地總登記時登記名義人之姓名、...,2019-05-15,50次,xlsx
655,107年度臺北市稅捐稽徵處歲出預決算數,107年度臺北市稅捐稽徵處歲出預決算數,2019-05-15,98次,CSV
656,107年度臺北市稅捐稽徵處各項稅收稽徵人力,107年度臺北市稅捐稽徵處各項稅收稽徵人力,2019-05-15,210次,CSV
657,臺北市各項稅捐退還以前年度歲入款108年2月止,臺北市各項稅捐退還以前年度歲入款108年2月止,2019-05-15,130次,CSV
658,臺北市各項稅捐退還以前年度歲入款108年1月止,臺北市各項稅捐退還以前年度歲入款108年1月止,2019-05-15,191次,CSV
659,臺北市各項稅捐退還以前年度歲入款107年12月止,臺北市各項稅捐退還以前年度歲入款107年12月止,2019-05-15,68次,CSV
660,臺北市各項稅捐退還以前年度歲入款107年11月止,臺北市各項稅捐退還以前年度歲入款107年11月止,2019-05-15,168次,CSV
661,臺北市立文獻館藏品圖檔使用,授權市民使用本館典藏品圖檔,2019-05-14,836次,
662,106年度府層級優先推動施政項目預算經費,106年度府層級優先推動施政項目預算經費,2019-05-14,152次,CSV
663,106年度牌照稅徵績-全期滯納期滿,106年度牌照稅徵績-全期滯納期滿,2019-05-14,60次,CSV
664,106年度牌照稅徵績-全期徵期結束,106年度牌照稅徵績-全期徵期結束,2019-05-14,73次,CSV
665,106年度-臺北市稅捐稽徵處牌照稅徵稽-下期滯納期滿,106年度-臺北市稅捐稽徵處牌照稅徵稽-下期滯納期滿,2019-05-14,69次,CSV
666,106年度臺北市地方總決算附屬單位決算,106年度臺北市地方總決算附屬單位決算,2019-05-14,1192次,XML
667,105年度臺北市地方總決算附屬單位決算,105年度臺北市地方總決算附屬單位決算,2019-05-14,1310次,XML
668,107年度府層級優先推動施政項目預算經費,107年度府層級優先推動施政項目預算經費,2019-05-14,140次,CSV
669,105年度19項府層級優先推動施政項目,105年度19項府層級優先推動施政項目,2019-05-14,262次,"XLS,CSV"
670,107年度臺北市稅捐統計年報,臺北市稅捐統計年報,2019-05-14,46次,CSV
671,108年度府層級優先推動施政項目預算經費,108年度府層級優先推動施政項目預算經費,2019-05-14,151次,CSV
672,106年度臺北市稅捐統計年報,臺北市稅捐統計年報,2019-05-14,88次,CSV
673,105年度臺北市稅捐統計年報,臺北市稅捐統計年報,2019-05-14,51次,CSV
674,103年度臺北市稅捐統計年報,臺北市稅捐統計年報,2019-05-14,124次,CSV
675,102年度臺北市稅捐統計年報,臺北市稅捐統計年報,2019-05-14,101次,CSV
676,101年度臺北市稅捐統計年報,臺北市稅捐統計年報,2019-05-14,136次,CSV
677,100年度臺北市稅捐統計年報,臺北市稅捐統計年報,2019-05-14,51次,CSV
678,99年度臺北市稅捐統計年報,臺北市稅捐統計年報,2019-05-14,162次,CSV
679,98年度臺北市稅捐統計年報,臺北市稅捐統計年報,2019-05-14,111次,CSV
680,97年度臺北市稅捐統計年報,臺北市稅捐統計年報,2019-05-14,166次,CSV
681,96年度臺北市稅捐統計年報,臺北市稅捐統計年報,2019-05-14,116次,CSV
682,臺北市各項稅捐實徵淨額與預算數及上年同期比較增減原因分析說明108年4月,臺北市各項稅捐實徵淨額與預算數及上年同期比較增減原因分析說明108年4月,2019-05-14,210次,CSV
683,臺北市各項稅捐退還以前年度歲入款108年4月止,臺北市各項稅捐退還以前年度歲入款108年4月止,2019-05-14,215次,CSV
684,臺北市使用牌照稅稽徵106年7月,臺北市使用牌照稅稽徵106年7月,2019-05-14,213次,CSV
685,臺北市使用牌照稅稽徵106年6月,臺北市使用牌照稅稽徵106年6月,2019-05-14,215次,CSV
686,臺北市使用牌照稅稽徵106年5月,臺北市使用牌照稅稽徵106年5月,2019-05-14,213次,CSV
687,臺北市使用牌照稅稽徵106年4月,臺北市使用牌照稅稽徵106年4月,2019-05-14,217次,CSV
688,臺北市使用牌照稅稽徵106年3月,臺北市使用牌照稅稽徵106年3月,2019-05-14,206次,CSV
689,臺北市使用牌照稅稽徵106年2月,臺北市使用牌照稅稽徵106年2月,2019-05-14,203次,CSV
690,臺北市使用牌照稅稽徵106年1月,臺北市使用牌照稅稽徵106年1月,2019-05-14,211次,CSV
691,臺北市使用牌照稅稽徵106年8月,臺北市使用牌照稅稽徵106年8月,2019-05-14,211次,CSV
692,臺北市各項稅捐實徵淨額與預算數及上年同期比較增減原因分析說明108年1月,臺北市各項稅捐實徵淨額與預算數及上年同期比較增減原因分析說明108年1月,2019-05-10,174次,CSV
693,臺北市各項稅捐實徵淨額與預算數及上年同期比較增減原因分析說明107年12月,臺北市各項稅捐實徵淨額與預算數及上年同期比較增減原因分析說明107年12月,2019-05-10,94次,CSV
694,臺北市藝文館所,委外館所,2019-05-10,3318次,XML
695,臺北市各項稅捐實徵淨額與預算數及上年同期比較增減原因分析說明107年11月,臺北市各項稅捐實徵淨額與預算數及上年同期比較增減原因分析說明107年11月,2019-05-08,168次,CSV
696,臺北市各項稅捐實徵淨額與預算數及上年同期比較增減原因分析說明108年3月,臺北市各項稅捐實徵淨額與預算數及上年同期比較增減原因分析說明108年3月,2019-05-08,151次,CSV
697,臺北市各項稅捐實徵淨額與預算數及上年同期比較增減原因分析說明108年2月,臺北市各項稅捐實徵淨額與預算數及上年同期比較增減原因分析說明108年2月,2019-05-08,170次,CSV
698,107年底臺北市地方稅欠稅概況-納稅義務人性別分,107年底臺北市地方稅欠稅概況-納稅義務人性別分,2019-05-08,103次,CSV
699,社會福利統計_國民年金保險費補助統計資料,"社會福利統計_國民年金保險費補助統計資料呈現於 【社會局局網> 社會救助 > 統計資料】
",2019-05-07,4次,
700,社會福利統計_強化社會安全網－急難紓困方案(原馬上關懷)救助,社會福利統計_強化社會安全網－急難紓困方案(原馬上關懷)救助資料呈現於【社會局局網> 社會救助 > ...,2019-05-07,5次,
701,社會福利統計_急難救助,社會福利統計_急難救助資料呈現於【社會局局網> 統計資料 > 預告統計資料發布時間表】,2019-05-07,57次,ods
702,社會福利統計_災害救濟物資庫存,社會福利統計_災害救濟物資庫存明細資料呈現於GitHub。,2019-05-07,4次,
703,臺北市路外停車場,停車場資訊,2019-05-07,364次,docx
704,臺北市停車場資訊,停車場動態資訊,2019-05-07,1483625次,
705,臺北市機車停車彎,機車停車彎資訊,2019-05-07,215次,odt
706,臺北市機車退出騎樓路段,臺北市機車退出騎樓路段圖層資訊,2019-05-07,195次,ZIP
707,臺北市路外停車場出入口,停車場出入口資訊,2019-05-07,359次,"ZIP,docx"
708,臺北市公有路外停車場無障礙設施設置情形,臺北市公有路外停車場無障礙設施設置情形,2019-05-07,236次,CSV
709,臺北市自行車停放區,自行車停放區資訊,2019-05-07,187次,odt
710,臺北市身心障礙停車格,臺北市身心障礙停車格,2019-05-07,319次,CSV
711,臺北市拖吊場,停車拖吊資訊,2019-05-07,3430次,CSV
712,臺北市停車供需分析資料,臺北市汽機車停車供需調查(6個行政區)報告書,2019-05-07,73次,PDF
713,臺北市路邊停車格位,停車格位資訊,2019-05-07,1439次,"docx,CSV"
714,臺北市最近5年土地增值稅稅源統計表,臺北市最近5年土地增值稅稅源統計表,2019-05-03,89次,CSV
715,10611-臺北市稅捐稽徵處滯納案件移送執行情形-以前年度,10611-臺北市稅捐稽徵處滯納案件移送執行情形-以前年度,2019-05-03,180次,CSV
716,10611-臺北市稅捐稽徵處滯納案件移送執行情形-本年度,10611-臺北市稅捐稽徵處滯納案件移送執行情形-本年度,2019-05-03,183次,CSV
717,10609-滯納案件移送執行情形-以前年度,10609-滯納案件移送執行情形-以前年度,2019-05-03,194次,CSV
718,10609-滯納案件移送執行情形-本年度,10609-滯納案件移送執行情形-本年度,2019-05-03,212次,CSV
719,臺北市河濱休憩點,"各自行車休憩點位置,WGS84座標",2019-05-02,2177次,"ZIP,CSV"
720,臺北市河濱求救點資訊,"河濱求救點資訊,WGS84座標",2019-05-02,2112次,"ZIP,CSV"
721,臺北市自行車河濱出入口,"自行車河濱出入口說明,WGS84座標",2019-05-02,2121次,"ZIP,CSV"
722,臺北市自行車道(河濱),"自行車道(河濱)介紹,WGS84座標",2019-05-02,713次,"ZIP,CSV"
723,臺北市自行車可通行之橋樑,"自行車可通行之橋樑,WGS84座標",2019-05-02,2101次,"ZIP,CSV"
724,由府列管個案計畫期末查證報告表,呈現施政計畫期末查證,2019-05-02,362次,"doc,docx,odt,PDF"
725,由府列管個案計畫年終考評成效評分表,呈現施政計畫年終考評成效,2019-05-02,237次,odt
726,臺北市110受理民眾報案統計表108.04,臺北市110受理民眾報案統計表108.04,2019-05-01,8次,XLS
727,臺北市公共用水平台各水栓用水量統計表,臺北市公共用水平台各水栓用水量統計表,2019-04-29,908次,CSV
728,臺北市土石流防災地圖,臺北市土石流防災地圖8幅,2019-04-26,5次,
729,本府歷年投資富邦金控股權及獲配股利一覽表,本府歷年投資富邦金控獲配股利及持股比例,2019-04-26,156次,CSV
730,臺北市各區里疏散避難圖資訊(信義區),提供臺北市各區里疏散避難圖資訊,2019-04-25,312次,CSV
731,臺北市稅捐稽徵處性別統計項目,臺北市稅捐稽徵處性別統計項目,2019-04-23,97次,CSV
732,臺北市執行菸害防制法稽查成果,臺北市執行菸害防制法稽查成果,2019-04-18,105次,PDF
733,臺北市各公園水域安全告示牌及救生設備位置資訊,臺北市政府工務局公園路燈工程管理處所轄公園內水池及湖畔水域安全告示及救生設備座標位置,2019-04-17,1312次,CSV
734,106年度行政救濟案件統計表,106年度行政救濟案件統計表,2019-04-17,98次,CSV
735,107年度行政救濟案件統計表,107年度行政救濟案件統計表,2019-04-16,91次,CSV
736,105年度行政救濟案件統計表,105年度行政救濟案件統計表,2019-04-16,102次,CSV
737,臺北市各級學校分布圖(含國小.國中.高中職.特教學校.市立大專院校),臺北市各級學校名錄,2019-04-16,15296次,CSV
738,各機關權管業務法令授權得公布違規者相關資料規定調查表,各機關權管業務所涉中央或地方法令之「罰則」規定中，是否定有授權各機關得公布違規者（包括個人、公司、行...,2019-04-15,196次,ods
739,臺北市政府電話服務禮貌實施計畫,為落實民眾導向之電話服務禮貌運動，培養本府所屬各機關同仁便民親民之公務價值觀，以提高市府為民服務形象...,2019-04-15,272次,odt
740,104年臺北市文化指標調查,文化指標（cultural indicators）是展現一個城市的文化活動與品味、文化資源與投入、文...,2019-04-12,841次,PDF
741,替代役備役列管人數分析統計表,替代役備役列管人數分析統計,2019-04-12,3657次,CSV
742,補助私人團體經費報告,臺北市政府兵役局補助私人團體經費報告,2019-04-12,312次,CSV
743,臺北市主集水區,"臺北市主集水區範圍
提供SHP檔案格式",2019-04-12,465次,7z
744,軍人公墓(忠靈祠)葬厝表,軍人公墓(忠靈祠)葬厝,2019-04-12,2257次,CSV
745,徵兵及齡男子兵籍調查統計表,臺北市徵兵及齡男子兵籍調查統計,2019-04-12,118次,CSV
746,役男徵集概況統計表,臺北市役男徵集概況統計,2019-04-12,294次,CSV
747,妨害兵役案件統計表,臺北市妨害兵役案件統計,2019-04-12,212次,CSV
748,臺北捷運車站廣告契約出租資料,臺北捷運車站廣告契約出租資料,2019-04-08,447次,CSV
749,臺北市颱風期間開放停車學校一覽表,簡表：Word資料，以行政區區分，提供行政區停放車輛總數一覽表：Excel資料表，提供各校停車數量、...,2019-04-03,156次,PDF
750,由府列管個案計畫選項列管項目一覽表,呈現施政計畫選項列管項目。,2019-04-03,465次,"doc,odt"
751,由府列管個案計畫調整撤銷,呈現施政計畫調整撤銷。,2019-04-03,134次,odt
752,由府列管個案計畫選項作業計畫,呈現臺北市政府列管施政計畫選項作業計畫。,2019-04-03,372次,"doc,odt"
753,臺北市110受理民眾報案統計表108.03,臺北市110受理民眾報案統計表108.03,2019-04-01,792次,XLS
754,臺北市各區里疏散避難圖資訊(士林區),提供臺北市士林區里疏散避難圖資訊,2019-03-29,196次,
755,本府一級機關經管公有公用土地清冊(國有),本府一級機關經管公有公用土地清冊(國有),2019-03-29,92次,CSV
756,臺北市環保旅店,臺北市轄內具有環保旅店證書的店家,2019-03-29,2433次,CSV
757,近5年臺北市市有財產總目錄,近5年臺北市市有財產總目錄,2019-03-26,67次,CSV
758,本府一級機關經管公有公用土地清冊(市有),本府一級機關經管公有公用土地清冊(市有),2019-03-26,229次,CSV
759,108年臺北市花木批發市場休市日程表,花木批發市場休市日,2019-03-22,55次,CSV
760,交通事故資料,提供臺北市A1及A2類交通事故明細。,2019-03-19,6238次,"CSV,ods"
761,臺北市公立骨灰（骸）存放設施位址,市立殯儀館及公立納骨塔設施位置及連絡方式,2019-03-19,243次,CSV
762,臺北市市立殯儀館及公立納骨塔,台北市最新合格之殯葬禮儀公司列表,2019-03-19,246次,CSV
763,臺北市河濱生態-喬木,1.範圍：本市堤外29座河濱公園、社子島島頭公園、社子島濕地、社六濕地、樟腳公園、中庸2號公園及已闢...,2019-03-14,733次,"CSV,shp,ZIP"
764,臺北市排水溝渠清疏統計表,年度排水溝渠統計,2019-03-07,225次,xlsx
765,臺北市各區里疏散避難圖資訊(萬華區),提供臺北市各區里疏散避難圖資訊,2019-03-07,247次,CSV
766,臺北市北投垃圾焚化廠營運管理及環境品質監測報告,本資料集涵蓋北投垃圾焚化廠（以下簡稱本廠）營運操作之處理物來源及產出物統計：如垃圾進廠量、焚化量、底...,2019-03-06,1435次,"odt,docx,PDF"
767,臺北市次分區界圖,為配合政府資訊公開政策，俾利業務上運用地理資訊，特將本市12行政區次分區加以建置GIS圖層供各公務機...,2019-03-05,378次,ZIP
768,臺北市交通流量及特性調查資料,交通流量及特性調查資料,2019-03-04,10次,
769,107年臺北市旅遊服務中心服務人次統計表,107年臺北市旅遊服務中心服務人次統計表,2019-03-04,182次,xlsx
770,106年臺北市旅遊服務中心服務人次統計表,106年臺北市旅遊服務中心服務人次統計表,2019-03-04,92次,xlsx
771,臺北市110受理民眾報案統計表108.02,臺北市110受理民眾報案統計表108.02,2019-03-04,9次,XLS
772,非市有可供提案活化公地清冊,提供臺北市轄區內非市有可提案活化公地資料清冊，每年3月底前函詢各機關提供可活化公地後更新。如有異動時...,2019-02-27,59次,CSV
773,臺北惜物網服務概況,揭露臺北惜物網年度服務狀況資料，俾供大眾了解。(CSV),2019-02-26,792次,"CSV,ods"
774,臺北市動產質借處營業概況,揭露臺北市動產質借處年度營運狀況資料，俾供大眾了解。,2019-02-26,724次,"CSV,ods"
775,臺北市動產質借概況,揭露臺北市動產質借處年度質借狀況資料，俾供大眾了解。,2019-02-26,763次,"CSV,ods,XLS"
776,臺北市雨水下水道管線資料,"臺北市雨水下水道管線分布位置
提供SHP格式壓縮檔
",2019-02-25,940次,7z
777,臺北市廢棄物處理場再生土領用方式及領據,廢棄物處理場再生土領用方式、領據及領用地點資訊,2019-02-23,931次,odt
778,臺北市地籍測量專業資格證明核發紀錄,臺北市地籍測量專業資格證明核發紀錄,2019-02-20,115次,XML
779,各機關職工調僱意願需求公告,各機關職工調僱意願需求公告,2019-02-18,8次,
780,本府各機關任務編組檢討,本府各機關任務編組檢討,2019-02-18,28次,XLS
781,府層級任務編組設置要點訂定、更名及停止適用,各機關函報訂定、更名或停止適用府層級任務編組設置要點案,2019-02-18,22次,XLS
782,歷年(107年以前)使用執照摘要,民國36年至107年使用執照摘要,2019-02-15,238次,ZIP
783,歷年(107年以前)建造執照摘要,民國70年至107年建造執照摘要,2019-02-15,50次,ZIP
784,臺北市環境教育設施場所,臺北市環境教育設施場所名稱、地址、電話等資訊,2019-02-15,389次,CSV
785,臺北市環保局輻射監測站測站位置,臺北市環保局輻射監測站測站位置,2019-02-13,138次,CSV
786,臺北市市立焚化廠位置,臺北市市立3座焚化廠位置,2019-02-12,508次,CSV
787,臺北市中山、內湖區已登記公私有土地筆數面積統計表,提供臺北市「中山、內湖區已登記公私有土地筆數面積」統計資料。,2019-02-11,422次,CSV
788,道路速率,提供道路即時資訊，包含車速、流量及道路績效(原始檔案為XML格式)，請點選下面資料項目預覽網址即可連...,2019-02-01,7次,
789,10801受理網路報案統計表,10801受理網路報案統計表,2019-02-01,810次,
790,10801受理電話報案統計表,10801受理電話報案統計表,2019-02-01,8次,XLS
791,各大學進修資訊,轉知各大學院校進修資訊,2019-01-30,6次,
792,臺北市-歷次天然災害停止上班上課訊息,臺北市歷次天然災害停止上班上課訊息,2019-01-30,6次,
793,本府各機關各類人員員額資訊,本府各機關各類人員員額資訊,2019-01-29,6次,
794,107年度本市地方總預算半年結算報告,107年度本市地方總預算半年結算報告,2019-01-29,90次,CSV
795,本府各機關年度預算員額總數,"1.本府年度預算員額審查原則。
2.本府各機關年度預算員額總數，包含公務人員、約聘僱、職工及駐衛警...",2019-01-25,276次,PDF
796,臺北市政府衛生局水質抽驗結果,臺北市政府衛生局水質抽驗結果,2019-01-24,142次,xlsx
797,臺北市12區健康服務中心公共護士人數,臺北市12區健康服務中心公共護士人數,2019-01-24,90次,CSV
798,臺北市降雨淹水模擬圖,臺北市降雨淹水模擬圖、圖層空間參考系統座標是TWD67-TM2(zone121)座標,2019-01-23,22947次,"kmz,odt"
799,臺北市空氣品質監測站基本資料,臺北市空氣品質監測站種類、分類、名稱、地址、監測項目等資訊,2019-01-23,3386次,"xlsx,TXT,CSV"
800,臺北市無障礙計程車營運數據,臺北市無障礙計程車營運數據,2019-01-22,177次,CSV
801,臺北市小型復康巴士電話訂車統計數據,臺北市小型復康巴士電話訂車統計數據,2019-01-22,128次,CSV
802,臺北市派遣計程車業者資訊,臺北市合法計程車業者叫車資訊,2019-01-22,350次,CSV
803,新北市預定班表資訊,文件請參閱以下連結。https://www-ws.gov.taipei/001/Upload/458...,2019-01-22,7次,
804,新北市站位資訊,文件請參閱以下連結。https://www-ws.gov.taipei/001/Upload/458...,2019-01-22,7次,
805,新北市機動班次時刻表,文件請參閱以下連結。https://www-ws.gov.taipei/001/Upload/458...,2019-01-22,7次,
806,新北市站牌,文件請參閱以下連結。https://www-ws.gov.taipei/001/Upload/458...,2019-01-22,7次,
807,新北市路線,文件請參閱以下連結。https://www-ws.gov.taipei/001/Upload/458...,2019-01-22,7次,
808,新北市業者營運基本資料,文件請參閱以下連結。https://www-ws.gov.taipei/001/Upload/458...,2019-01-22,7次,
809,新北市附屬路線與路線對應資訊,文件請參閱以下連結。https://www-ws.gov.taipei/001/Upload/458...,2019-01-22,7次,
810,新北市路線、營業站對應,文件請參閱以下連結。https://www-ws.gov.taipei/001/Upload/458...,2019-01-22,7次,
811,新北市智慧型站牌所屬路線,文件請參閱以下連結。https://www-ws.gov.taipei/001/Upload/458...,2019-01-22,7次,
812,新北市智慧型站牌,文件請參閱以下連結。https://www-ws.gov.taipei/001/Upload/458...,2019-01-22,7次,
813,新北市預估到站時間,文件請參閱以下連結。https://www-ws.gov.taipei/001/Upload/458...,2019-01-22,7次,
814,新北市車機異常資訊,文件請參閱以下連結。https://www-ws.gov.taipei/001/Upload/458...,2019-01-22,7次,
815,新北市車輛基本資訊,文件請參閱以下連結。https://www-ws.gov.taipei/001/Upload/458...,2019-01-22,8次,
816,新北市定點車機資訊,文件請參閱以下連結。https://www-ws.gov.taipei/001/Upload/458...,2019-01-22,8次,
817,新北市定時車機資訊,文件請參閱以下連結。https://www-ws.gov.taipei/001/Upload/458...,2019-01-22,7次,
818,預定班表資訊,文件請參閱以下連結。https://www-ws.gov.taipei/001/Upload/458...,2019-01-22,7次,
819,站位資訊,文件請參閱以下連結。https://www-ws.gov.taipei/001/Upload/458...,2019-01-22,7次,
820,機動班次時刻表,文件請參閱以下連結。https://www-ws.gov.taipei/001/Upload/458...,2019-01-22,12次,
821,站牌,文件請參閱以下連結。https://www-ws.gov.taipei/001/Upload/458...,2019-01-22,7次,
822,路線,文件請參閱以下連結。https://www-ws.gov.taipei/001/Upload/458...,2019-01-22,8次,
823,業者營運基本資料,文件請參閱以下連結。https://www-ws.gov.taipei/001/Upload/458...,2019-01-22,7次,
824,附屬路線與路線對應資訊,文件請參閱以下連結。https://www-ws.gov.taipei/001/Upload/458...,2019-01-22,7次,
825,路線、營業站對應,文件請參閱以下連結。https://www-ws.gov.taipei/001/Upload/458...,2019-01-22,7次,
826,智慧型站牌所屬路線,文件請參閱以下連結。https://www-ws.gov.taipei/001/Upload/458...,2019-01-22,7次,
827,智慧型站牌,文件請參閱以下連結。http://tcgwww.taipei.gov.tw/public/Attac...,2019-01-22,7次,
828,預估到站時間,文件請參閱以下連結。https://www-ws.gov.taipei/001/Upload/458...,2019-01-22,7次,
829,車機異常資訊,文件請參閱以下連結。https://www-ws.gov.taipei/001/Upload/458...,2019-01-22,7次,
830,車輛基本資訊,文件請參閱以下連結。https://www-ws.gov.taipei/001/Upload/458...,2019-01-22,7次,
831,定時車機資訊,文件請參閱以下連結。https://www-ws.gov.taipei/001/Upload/458...,2019-01-22,8次,
832,定點車機資訊,文件請參閱以下連結。https://www-ws.gov.taipei/001/Upload/458...,2019-01-22,8次,
833,臺北市實施集中支付近5年支用機關數及各種憑單有效處理件數,臺北市實施集中支付支用機關數及各種憑單有效處理件數,2019-01-22,91次,CSV
834,臺北市實施集中支付近5年庫款支付筆數,"臺北市實施集中支付電連存帳及簽發支票數量情形
",2019-01-22,234次,CSV
835,臺北市實施集中支付近5年庫款支付金額,"臺北市實施集中支付各類費款支用情形
",2019-01-22,87次,CSV
836,臺北市空氣品質即時污染指標,提供臺北市環境保護局空氣品質監測站之即時監測值(檔案為gz格式壓縮，原始檔案為json格式),2019-01-21,16次,
837,臺北市大安區已登記公私有土地筆數面積統計表,臺北市大安區已登記公私有土地筆數面積統計表,2019-01-16,201次,"XLS,ods"
838,臺北市萬華、中正、大同區已登記公私有土地筆數面積統計表,統計臺北市建成地政事務所轄區內已登記公私有土地之面積及筆數,2019-01-09,397次,"XLS,ods"
839,臺北市-營業衛生自主管理分級評核-電影片映演業,臺北市營業場所衛生優良自主管理分級認證評核結果,2019-01-09,2638次,CSV
840,臺北市-營業衛生自主管理分級評核-美容美髮業,臺北市營業場所衛生優良自主管理分級認證評核結果,2019-01-09,280次,CSV
841,臺北市-營業衛生自主管理分級評核-娛樂業,臺北市營業場所衛生優良自主管理分級認證評核結果,2019-01-09,255次,CSV
842,臺北市-營業衛生自主管理分級評核-浴室業,臺北市營業場所衛生優良自主管理分級認證評核結果,2019-01-09,228次,CSV
843,臺北市-營業衛生自主管理分級評核-游泳業,臺北市營業場所衛生優良自主管理分級認證評核結果,2019-01-09,264次,CSV
844,臺北市-營業衛生自主管理分級評核-旅館業,臺北市營業場所衛生優良自主管理分級認證評核結果,2019-01-09,566次,CSV
845,臺北市土地公告現值及公告地價,臺北市公告現值及公告地價(係為產製當時之資料，後續因土地分割、合併等致地價變動，可利用臺北市地政雲(...,2019-01-09,1970次,CSV
846,臺北市機動車輛排放空氣污染物檢查、檢驗告發情形季報表,統計本市每季機動車輛排放空氣污染物檢查、檢驗告發情形,2019-01-08,793次,"XLS,xlsx,ods"
847,臺北市政府環境保護局污染源稽查(查核)處分概況月報表,統計本市每月污染源稽查(查核)處分概況,2019-01-08,2098次,"XLS,xlsx,ods"
848,臺北自來水事業處用戶水表統計表,臺北自來水事業處用戶水表統計表,2019-01-08,235次,CSV
849,臺北市噪音稽查處分概況年報表,統計本市每年噪音稽查處分概況,2019-01-08,357次,"XLS,xlsx,ods"
850,臺北市空氣污染稽查處分概況年報表,統計本市每年空氣污染稽查處分概況,2019-01-08,352次,"XLS,xlsx,ods"
851,臺北市公害陳情案件受理統計月報表,統計本市每月受理公害陳情案件數量,2019-01-08,2107次,"XLS,xlsb,xlsx,ods"
852,臺北市地標資料,提供臺北市重要地標名稱及其座標,2019-01-08,566次,CSV
853,資訊可變標誌(CMS)顯示內容,資訊可變標誌看板顯示資訊(原始檔案為XML格式),2019-01-07,6次,
854,臺北市文山、中正區已登記公私有土地筆數面積統計表,臺北市文山區及中正區(愛國東、西路以南) 已登記公私有土地筆數面積年報,2019-01-07,341次,CSV
855,臺北市松山區、南港區、信義區已登記公私有土地筆數面積統計表,統計臺北市松山地政事務所轄區內已登記公私有土地筆數面積,2019-01-07,19次,ods
856,臺北市政府採購爭議案件處理情形年度分析統計表,申訴會之申訴案及履約調解爭議案件分析統計情形。主要內容為本會歷年度收結案狀況、當年度案件總表、案件爭...,2019-01-04,573次,"doc,odt"
857,臺北市政府申請案件處理作業要點,為持續提升行政效能，推動辦理申請案件檢討作業，並提供所屬各機關作業之參考，特訂定臺北市政府申請案件處...,2019-01-04,119次,odt
858,臺北市士林、北投區已登記公私有土地筆數面積統計表,提供「士林、北投區已登記公私有土地筆數面積」，呈現使民眾了解本所管轄區公私有筆數、面積統計資料。,2019-01-04,155次,CSV
859,108年臺北花市休市日,108年臺北花市休市日,2019-01-03,7次,CSV
860,捷運土地開發權益分配,捷運土地開發權益分配協商相關資料,2019-01-03,6次,
861,翡翠水庫淤積調查報告,翡翠水庫淤積調查從78年開始執行，為每年例行作業，透過斷面測量再據以統計分析水庫年淤積量，以作為水庫...,2019-01-03,115次,XLS
862,公告徵收清冊,本府公告徵收之土地清冊。,2019-01-02,180次,XML
863,110受理網路報案統計表,10711受理網路報案統計表,2019-01-02,810次,
864,臺北市110受理民眾報案統計表107.12,臺北市110受理民眾報案統計表107.12,2019-01-02,12次,XLS
865,臺北市環境輻射監測,環境輻射監測(監測資料檔案為gz格式壓縮，原始檔案為json格式),2019-01-02,9993次,CSV
866,108年度漁產批發市場休市日,108年度漁產批發市場休市日,2019-01-02,53次,CSV
867,臺北市已核發之廢食用油回收工作證清除機構名單,提供合格廢食用油回收清除機構以便民眾查詢，避免廢食用油流向不明。,2018-12-28,420次,CSV
868,臺北市已核發應回收廢棄物回收處理業登記名冊,提供已登記回收業之資訊,2018-12-27,374次,XLS
869,臺北市社區資源回收站資訊,歷年接受補助輔導社區資訊。,2018-12-27,642次,CSV
870,臺北市各區農會地址一覽表,臺北市各區農會地址一覽表。,2018-12-26,229次,CSV
871,臺北市政府創意提案競賽成果彙編,為增進服務品質，提升行政效率，臺北市政府率全國之先，於96年7月推行創意提案會報制度，自104年5月...,2018-12-26,435次,TXT
872,106年幼兒生活狀況調查原始資料,106年幼兒生活狀況調查原始資料,2018-12-25,215次,"xlsx,PDF"
873,臺北市噪音監測結果,提供臺北市噪音監測結果,2018-12-25,244次,ods
874,102年臺北市兒童及少年生活狀況調查原始資料,102年臺北市兒童及少年生活狀況調查原始資料,2018-12-25,933次,xlsx
875,臺北市路口號誌時制計畫,臺北市路口號誌時制計畫,2018-12-25,225次,7z
876,臺北市內湖垃圾焚化廠營運管理及環境品質監測報告,涵蓋內湖垃圾焚化廠（以下簡稱本廠）營運操作之處理物進廠及產出物出廠統計：如垃圾進廠量、焚化量、底渣及...,2018-12-24,2253次,odt
877,臺北市水質監測站基本資料,臺北市現有水質監測站名稱與位置,2018-12-24,320次,CSV
878,臺北市柴油車排煙動力檢測站址,臺北市柴油車排煙動力檢測站址,2018-12-24,371次,CSV
879,資訊局虛擬形象著作（230與她的好朋友們）,本資料集提供資訊局虛擬代言人230之形象著作，資料集內著作依「臺北市政府資料開放使用規範」開放民眾加...,2018-12-24,8307次,"ZIP,png,jpg"
880,臺北市河川區私有土地分佈圖,臺北市河川區私有土地分佈圖及私有土地地號，座標提供KML檔案格式，座標系統採用TWD97-TM2(z...,2018-12-24,2704次,"XLS,KML,PDF"
881,臺北市河濱自行車租借站、租借費率、提供免費飲水、打氣及簡易維修服務,"河濱自行車租借站及租借費率說明,TWD97座標",2018-12-24,38019次,"ZIP,CSV"
882,臺北市各區里長及里辦公處相關資訊網站連結,彙整臺北市各區里長及里辦公處相關資訊網站連結,2018-12-24,224次,
883,臺北市非包裝飲用水檢驗收費標準,民眾飲用水申請檢驗作業,2018-12-22,217次,odt
884,臺北市環境輻射監測站基本資料,"臺北市環境輻射監測站測站名稱,地址等資訊",2018-12-22,285次,CSV
885,臺北市環境及交通噪音監測站地點,提供環境及交通噪音監測站地點,2018-12-22,344次,CSV
886,臺北市回收業機構名冊,回收業之相關資訊,2018-12-22,654次,ods
887,臺北市各區里疏散避難圖資訊(北投區),提供臺北市各區里疏散避難圖資訊,2018-12-22,273次,CSV
888,臺北市土壤及地下水污染控制場址,提供民眾本市土壤及地下水污染控制場址相關資訊,2018-12-22,351次,CSV
889,臺北市登革熱戶外化學防疫軌跡記錄,臺北市各里別戶外環境噴藥日程表,2018-12-22,6次,
890,臺北市垃圾資源回收、廚餘回收限時收受點,臺北市垃圾資源回收、廚餘回收限時收受點，週三、週日廚餘專用限時收受點,2018-12-22,15次,
891,臺北市各區里疏散避難圖資訊(中正區),提供臺北市中正區各里疏散避難圖資訊,2018-12-22,185次,CSV
892,臺北市各機關學校併聯型太陽光電發電系統設置情形,臺北市各機關學校併聯型太陽光電發電系統設置情形,2018-12-21,173次,CSV
893,臺北市供氣區域分布表,臺北市四家公用天然氣事業供氣區域分布。,2018-12-21,186次,CSV
894,臺北市農村再生各社區資源一覽表,臺北市農村再生各社區資源一覽表,2018-12-21,75次,utf-8
895,自動雨量站資料-無人自動站雨量資料,自動雨量站資料-無人自動站雨量資料,2018-12-21,16次,
896,臺北市環保局廢棄暨未懸掛號牌車輛管理系統,與廢棄機汽車拖吊查報業務的相關檔案,2018-12-21,912次,odt
897,臺北市交通管制工程處無障礙設施設置資料,臺北市交通管制工程處有聲號誌設置地點,2018-12-21,265次,ZIP
898,臺北市疏散門資訊,"臺北市疏散門位置,WGS84座標",2018-12-20,657次,"ZIP,CSV"
899,水利處河川水位站,"水利處河川水位站,TWD97-TM2座標",2018-12-20,170次,ZIP
900,水利處監視器,"水利處監視器位置,TWD97-TM2座標",2018-12-20,104次,ZIP
901,臺北市藍色公路碼頭,"藍色公路碼頭位置,WGS84座標",2018-12-20,2115次,"ZIP,CSV"
902,臺北市河川區域線,"臺北市河川區域線位置,,TWD97-TM2座標",2018-12-20,315次,ZIP
903,臺北市水準點,"臺北市水準點位置,TWD97-TM2座標",2018-12-20,164次,ZIP
904,調洪沉砂池,調洪沉砂池、TWD97座標,2018-12-20,582次,"ZIP,KML"
905,臺北市機車優先道,機車優先道資料,2018-12-19,277次,ZIP
906,臺北市機車專用道,機車專用道資料,2018-12-19,290次,ZIP
907,臺北市號誌位置,臺北市號誌位置,2018-12-19,332次,CSV
908,臺北市共同管道圖資,臺北市共同管道圖資，內容包含共同管道幹管、支管、電纜溝及纜線管路，本項資料所採用座標系統為TWD97...,2018-12-19,7次,
909,臺北市各區里疏散避難圖資訊(大同區),提供臺北市各區里疏散避難圖資訊連結網址,2018-12-19,369次,CSV
910,臺北市民眾檢舉違反廢棄物清理法及獎勵金發放辦法,民眾檢舉獎勵金檢舉及發放之流程,2018-12-19,249次,odt
911,臺北市大同區區民活動中心設置無障礙設施資料,臺北市大同區區民活動中心設置無障礙設施資料。,2018-12-19,28次,CSV
912,臺北市食材登錄平台食材來源資訊(總索引),臺北市食材登錄平台包含「西式連鎖速食」、「伴手禮」、「夜市」、「連鎖早餐店」、「連鎖咖啡」、「飲冰品...,2018-12-12,8823次,JSON
913,臺北市職業災害資訊,臺北市職業災害資訊,2018-12-07,7次,
914,臺北市政府年度施政計畫,本府各機關就年度內應辦理之事項所編訂之施政計畫,2018-12-05,1687次,"docx,odt"
915,108年度臺北市總預算,108年度臺北市總預算,2018-12-03,320次,CSV
916,臺北市110受理民眾報案統計表107.11,臺北市110受理民眾報案統計表107.11,2018-12-03,11次,XLS
917,臺北市etag旅行時間,臺北市路段etag旅行時間,2018-11-30,555次,"ZIP,CSV"
918,臺北市民眾繳納違反環保法令行政罰鍰之方式及其他相關注意事項,提供便民繳納環保罰鍰方式之管道、程序與注意事項說明,2018-11-28,472次,odt
919,臺北市事故資料表,臺北市事故樣態、型態等基本資料，本資料不定期更新,2018-11-28,1321次,"CSV,docx"
920,臺北市事故點位座標,臺北市事故點位，使用TWD67座標,2018-11-28,1663次,CSV
921,臺北市河濱自行車道景點,"河濱自行車道週邊景點介紹,WGS84座標",2018-11-28,35829次,"ZIP,CSV"
922,臺北市河濱公園,"28座河濱公園介紹,WGS84座標",2018-11-28,2838次,"ZIP,CSV"
923,108年度臺北市總預算附屬單位預算,108年度臺北市總預算附屬單位預算,2018-11-27,400次,CSV
924,臺北市政府年度因公派員出國及赴大陸地區計畫,收錄本府年度因公派員出國及赴大陸地區計畫資料,2018-11-21,187次,xlsx
925,臺北市各區里疏散避難圖資訊(中山區),提供臺北市各區里疏散避難圖資訊,2018-11-21,265次,CSV
926,捷運工程局品質管理系統QSOP文件清單,捷運工程局品質管理系統程序書文件清單,2018-11-12,309次,xlsx
927,防災公園,臺北市公園裡各項設施說明,2018-11-09,10次,
928,臺北市公立幼兒園通訊資料,臺北市各行政區公立幼兒園名稱、電話及地址,2018-11-08,634次,CSV
929,臺北市私立及非營利幼兒園通訊資料,臺北市各行政區私立及非營利幼兒園名稱、電話及地址,2018-11-08,2929次,CSV
930,社區治安會議辦理情形統計表,警察局受理分局之社區治安會議辦理情形統計表,2018-11-06,1044次,"doc,utf-8,PDF"
931,臺北市110受理民眾報案統計表107.10,臺北市110受理民眾報案統計表107.10,2018-11-01,826次,
932,臺北市水利處雨量站,雨量站位置,2018-11-01,587次,"KML,ZIP"
933,臺北市政府常用工程基本單價,臺北市政府常用工程基本單價係委託國內具工程物價調查專業機構提供查價服務，調查「臺北市政府常用工程基本...,2018-10-30,1540次,XML
934,臺北捷運自行車停車場GPS座標,自行車停車場GPS座標,2018-10-26,1679次,CSV
935,臺北市河濱生態-棕櫚,1.範圍：本市堤外29座河濱公園、社子島島頭公園、社子島濕地、社六濕地及已闢建為草皮具休憩功能之堤外...,2018-10-25,548次,"CSV,ZIP"
936,中山堂演出訊息,"演出日期：日期
演出時間：日期
節目名稱：文字型態
演出單位：文字型態
相關網址：文字型態...",2018-10-25,2240次,"xlsx,ods,XLS"
937,臺北市河濱輕食區,"河濱輕食區位置,TWD97座標",2018-10-25,2125次,"ZIP,CSV"
938,臺北市河濱生態-爬蟲,淡水河、新店溪、景美溪及雙溪生態調查資料。,2018-10-25,1138次,"KML,ZIP"
939,臺北市河濱生態-兩棲,淡水河、新店溪、景美溪及雙溪生態調查資料。,2018-10-25,675次,"KML,ZIP"
940,臺北市河濱生態-底棲,目前僅完成淡水河、新店溪、景美溪及雙溪生態調查資料。,2018-10-25,531次,"KML,ZIP"
941,臺北市河濱生態-鳥類,淡水河、新店溪、景美溪及雙溪生態調查資料。,2018-10-25,562次,"KML,ZIP"
942,臺北市河濱生態-蜻蜓,目前僅完成淡水河、新店溪、景美溪及雙溪生態調查資料。,2018-10-25,504次,"KML,ZIP"
943,臺北市雨水下水道人孔資料,"臺北市雨水下水道人孔分布位置
提供SHP及KML兩種檔案格式",2018-10-24,1757次,7z
944,臺北市河濱生態-蝴蝶,淡水河、新店溪、景美溪及雙溪生態調查資料。,2018-10-24,544次,"KML,ZIP"
945,107年度傳統市場休市日資訊,傳統市場休市日資訊,2018-10-24,11次,utf-8
946,107年度漁產批發市場休市日資訊,107年度漁產批發市場休市日,2018-10-24,62次,CSV
947,107年度農產(果菜)批發市場休市日資訊,107年度農產(果菜)批發市場休市日,2018-10-24,83次,CSV
948,107年度畜產批發市場休市日資訊,107年度畜產批發市場休市日,2018-10-24,58次,CSV
949,107年度花卉批發市場休市日資訊,花卉批發市場休市日,2018-10-24,23次,utf-8
950,臺北市噪音管制區圖,臺北市噪音管制區圖,2018-10-18,6次,
951,營建剩餘資源土方規劃階段供需統計表,為有效管理及利用所屬各機關興辦之公共工程與民間建築工程產出之營建剩餘土石方、營建泥漿，以維護公共安全...,2018-10-09,16次,
952,臺北市各水域告示牌及救生器材設置地點及數量清冊,臺北市各水域告示牌及救生器材設置地點及數量清冊  ,2018-10-09,214次,CSV
953,臺北市調撥車道,調撥車道資料,2018-10-05,464次,"ZIP,KML"
954,臺北市松山區公所無障礙設施設置資料,提供本所權管區民活動中心無障礙設施設置資料表。,2018-10-03,286次,ods
955,天然災害停止上班及上課情形-行政院人事行政總處全球資訊網,天然災害停止上班及上課情形-行政院人事行政總處全球資訊網,2018-10-03,5次,
956,臺北市110受理民眾報案統計表-9月,臺北市110受理民眾報案統計表-9月,2018-10-02,9次,XLS
957,臺北市各區公所聯絡資訊,臺北市各區公所聯絡資訊,2018-10-01,171次,CSV
958,臺北市政府工務局工料分析手冊,臺北市政府工務局工料分析手冊V4.0版 [內含XML檔可匯入PCCES系統],2018-10-01,326次,XML
959,議會審定工程單價,議會審定工程單價,2018-10-01,1307次,XML
960,身障人口原始資料,身障人口原始資料,2018-09-26,172次,ods
961,性傳染病友善醫院,性傳染病友善醫院,2018-09-26,146次,xlsx
962,臺北市防溺重點水域一覽表,107年本市防溺重點水域一覽表，供各單位加強水域安全整備與民眾遊憩參考,2018-09-20,131次,"PDF,CSV"
963,108年臺北市公有零售市場休市日程表,傳統市場休市日資訊,2018-09-18,122次,CSV
964,臺北市公眾區免費無線上網熱點資料(新版),臺北市臺北公眾區免費無線上網(Taipei Free)熱點資料,2018-09-18,19793次,xlsx
965,臺北市路燈位置分布圖,提供臺北市路燈位置及分佈圖,2018-09-12,361次,
966,臺北市各里簡易疏散避難地圖（松山區）,提供臺北市松山區各里簡易疏散避難地圖,2018-09-05,5次,
967,臺北市各區運動中心,運動中心聯絡資訊,2018-09-04,3874次,CSV
968,資料名稱,資料集描述,更新時間,使用次數/瀏覽次數,資料格式
969,身障人口原始資料,身障人口原始資料,2018-09-26,172次,ods
970,臺北市政府創意提案競賽要點,為激發本府所屬機關及公營事業機構全體同仁加強運用智慧及發揮創意，檢討、研提與機關業務相關之各項興革意...,2018-09-04,93次,odt
971,臺北市110受理民眾報案統計表,臺北市110受理民眾報案統計表,2018-09-03,17次,XLS
972,臺北市人民團體名冊,臺北市人民團體名冊,2018-08-28,4111次,xlsx
973,臺北市政府107年辦理員額評鑑檢討報告,臺北市政府107年辦理員額評鑑檢討報告,2018-08-23,505次,PDF
974,捷運聯合開發公有不動產非統一經營部分預計出租標的,捷運聯合開發公有不動產非統一經營部分預計出租標的,2018-08-16,359次,xlsx
975,狗便清潔袋箱,"提供民眾本市狗便清潔袋箱箱位置查詢
狗便隨手清、北市好乾淨",2018-08-09,10622次,CSV
976,區段徵收,區段徵收,2018-08-09,115次,shx
977,110電話受理案件107-07,110電話受理案件107-07,2018-08-01,7次,XLS
978,社會福利統計_臺北市弱勢兒童及少年醫療補助,社會福利統計_臺北市弱勢兒童及少年醫療補助資料呈現於【社會局局網> 兒童與少年服務 > 統計資料】,2018-07-31,10次,
979,愛滋病指定醫院,愛滋病指定醫院,2018-07-31,145次,xlsx
980,醫療收費標準,衛生局醫療收費標準呈現於臺北市政府衛生局→專業人員區→醫護管理資訊→醫療收費,2018-07-30,48次,
981,市政網站整合平台之最新消息,市政網站整合平台之最新消息資料集描述,2018-07-29,1423次,XML
982,社會福利統計_本市公益彩券盈餘分配基金預算,社會福利統計_本市公益彩券盈餘分配基金預算資料呈現於【社會局局網> 公益彩券 > 預算資料】,2018-07-27,5次,
983,臺北市老舊聚落分布圖,臺北市24處山坡地老舊聚落所在位置,2018-07-27,294次,rar
984,食品資訊公開專區,衛生局食品資訊資料呈現於【臺北市政府衛生局 » 主題專區 » 食品藥物化粧品 » 食品資訊公開專區】,2018-07-27,5次,
985,社會福利統計_相關業務年度統計,社會福利統計_相關業務年度統計資料呈現於【社會局局網> 統計資料 > 相關業務年度統計】,2018-07-26,4次,
986,社會福利統計_議會工作報告,社會福利統計_議會工作報告資料呈現於【社會局局網> 定期報告 > 議會工作報告】,2018-07-26,5次,
987,社會福利統計_施政計畫,社會福利統計_施政計畫資料呈現於【社會局局網> 定期報告 > 施政計畫】,2018-07-26,5次,
988,社會福利統計_補助團體一覽表,社會福利統計_公益彩券盈餘分配基金歷年補助民間團體一覽表 資料呈現於【社會局局網> 公開資訊 > 公...,2018-07-26,5次,
989,社會福利統計_辦理社會福利事業季報表,社會福利統計_公益彩券盈餘分配辦理社會福利事業情形季報表資料呈現於【社會局局網>  公開資訊> 公益...,2018-07-26,5次,
990,社會福利統計_經銷商人數統計,社會福利統計_公益彩券經銷商人數資料呈現於【社會局局網>公開資訊 > 公益彩券 > 彩券經銷商】,2018-07-26,5次,
991,臺北市-OK認證-製麵業,臺北市製麵業,2018-07-24,103次,CSV
992,臺北市-OK認證-飲冰品業,臺北市飲冰品業 ,2018-07-24,147次,CSV
993,臺北市-OK認證-烘焙業,臺北市烘焙業,2018-07-24,103次,CSV
994,臺北市-OK認證-中央廚房,臺北市中央廚房,2018-07-24,115次,CSV
995,臺北市-OK認證-飯店業,臺北市飯店業,2018-07-24,1334次,CSV
996,臺北市-OK認證-休憩餐飲業,臺北市休憩餐飲業,2018-07-24,257次,CSV
997,臺北市-OK認證-溫泉業,臺北市溫泉業,2018-07-24,154次,CSV
998,臺北市精神復健機構,臺北市精神復健機構,2018-07-24,200次,CSV
999,健康日活動表,時間表,2018-07-24,853次,
1000,臺北市預防接種合約院所,臺北市預防接種合約院所,2018-07-24,201次,xlsx
1001,臺北市食材登錄平台-西式連鎖速食專區(原連鎖餐飲專區), 「臺北市食材登錄平台」連鎖餐飲專區包含連鎖餐飲之產品、食材來源產地、熱量、檢驗報告及包材等資訊。,,,
...,2018-07-24,149次,ZIP,,
1002,臺北市食材登錄平台-連鎖咖啡廳專區,臺北市食材登錄平台-連鎖咖啡廳專區,2018-07-24,285次,ZIP
1003,臺北市食材登錄平台-機關員工餐廳專區,「臺北市食材登錄平台」機關員工餐廳專區包含臺北市機關員工餐廳之食材資訊。,2018-07-24,10次,
1004,臺北市食材登錄平台-夜市專區,「臺北市食材登錄平台」夜市專區包含臺北市14處夜市販售之產品、食材來源產地、調味料及包材等資訊。,2018-07-24,21次,
1005,臺北市食材登錄平台-賣場與連鎖店專區_飲冰品,「臺北市食材登錄平台」飲冰品專區包含飲冰品之產品、食材來源產地、熱量、檢驗報告及包材等資訊。,2018-07-24,17次,
1006,臺北市-OK認證-食品販售業,臺北市食品販售業,2018-07-24,125次,CSV
1007,臺北市-OK認證-一般餐飲業,臺北市一般餐飲業,2018-07-24,167次,CSV
1008,臺北市食材登錄平台-賣場與連鎖店專區_賣場,「臺北市食材登錄平台」賣場專區包含賣場生鮮蔬果及進口牛肉來源。,2018-07-24,17次,
1009,臺北市食材登錄平台-賣場與連鎖店專區_賣場熟食,「臺北市食材登錄平台」賣場熟食專區包含熟食類之產品、食材來源產地、熱量、檢驗報告及包材等資訊。,2018-07-24,17次,
1010,臺北市食材登錄平台-賣場與連鎖店專區_伴手禮,「臺北市食材登錄平台」伴手禮專區包含伴手禮之食材來源產地、熱量、檢驗報告及包材等資訊。,2018-07-24,21次,
1011,臺北市食材登錄平台-學校專區,「臺北市食材登錄平台」學校專區包含臺北市高中職、國中小、幼兒園之每日午餐食材資訊。,2018-07-24,19次,
1012,臺北捷運系統相鄰兩站間之行駛時間、停靠站時間,臺北捷運系統相鄰兩站間之行駛時間、停靠站時間,2018-07-24,2424次,CSV
1013,助妳好孕問答集,臺北市政府結合民政、社會、教育、職場、醫療等各個體系資源，結合市府各局處資源推出「助妳好孕」專案，一...,2018-07-16,396次,CSV
1014,銀髮族據點課程資訊API,銀髮族據點課程資訊API,2018-07-13,101次,PDF
1015,臺北市公廁點位資訊,臺北市公廁點位資訊，座數、地址、等級等資訊,2018-07-13,468次,
1016,臺北市電動機車充電地址及充電格位,臺北市電動機車充電地址及充電格位,2018-07-13,3399次,CSV
1017,市政網站整合平台之常見問答,提供臺北市政府市政網站整合平台上的常見問答的資料集下載，請取用v2，若使用一般瀏覽器下載會自動解壓縮...,2018-07-03,1449次,XML
1018,臺北市110受理民眾報案統計表,臺北市110受理民眾報案統計表,2018-07-03,7次,XLS
1019,高度近視合約醫院,高度近視合約醫院,2018-06-27,232次,CSV
1020,臺北市動產質借處各分處一覽表,臺北市動產質借處各分處一覽表(CSV),2018-06-27,126次,CSV
1021,106學年第1學期臨時特教助理員核定情形一覽表(0615),106學年第1學期臨時特教助理員核定情形一覽表(0615),2018-06-22,80次,xlsx
1022,105學年臨時特教助理員核定情形一覽表(0615),105學年臨時特教助理員核定情形一覽表(0615),2018-06-22,84次,xlsx
1023,臺北市廢棄物處理場,廢棄物處理場位置資訊,2018-06-22,334次,CSV
1024,臺北市自造課程寶典,本書網羅臺北市國中小實施自造者教育教師們優秀課程與智慧結晶，希望藉此書引導能對自造教育有所啟發、分享...,2018-06-20,4次,
1025,臺北市資源回收分類方式,生活中所遇到難分類的垃圾，提供快速的查詢讓民眾知道該如何垃圾分類及何時有回收。,2018-06-19,2762次,CSV
1026,臺北市水利處抽水站,"市轄抽水站位置及名稱採用座標系統TWD97-TM2(zone121)座標
提供SHP及WGS84座...",2018-06-15,1021次,"ZIP,KML"
1027,替代役役男地域加給支給標準表,替代役役男地域加給支給標準,2018-06-07,293次,CSV
1028,10705小巡邏區勤務立即偵破刑案績效表,各轄區勤務立即偵破刑案績效表,2018-06-06,56次,XLS
1029,10409小巡邏區勤務立即偵破刑案績效表,各轄區勤務立即偵破刑案績效,2018-06-06,39次,XLS
1030,10705臺北市受理網路報案統計表,臺北市政府警察局受理網路報案,2018-06-06,144次,XLS
1031,10410臺北市受理網路報案統計表,受理網路報案統計表,2018-06-06,57次,htm
1032,臺北市河流,市轄河川主流及支流位置及名稱,2018-06-05,476次,"KML,ZIP"
1033,水利處獨立閘門,獨立閘門、TWD97-TM2座標,2018-06-04,574次,"ZIP,KML"
1034,臺北市110受理民眾報案統計表10705,臺北市110受理民眾報案統計表10705,2018-06-01,5次,PDF
1035,社會福利統計_社區互助方案申請,社會福利統計_社區互助方案申請資料呈現於【社會局局網 > 社區發展服務 > 統計資料】,2018-05-28,4次,
1036,社會福利統計_臺北市公辦民營托嬰中心登記就托,社會福利統計_臺北市公辦民營托嬰中心登記就托資料呈現於【社會局局網> 嬰幼兒照顧服務 > 公辦民營托...,2018-05-28,4次,
1037,社會福利統計_低收入戶暨中低收入戶生育補助申請,"社會福利統計_低收入戶暨中低收入戶生育補助申請資料呈現於【社會局局網> 社會救助 > 統計資料】
",2018-05-28,4次,
1038,社會福利統計_受理人民團體籌組申請,社會福利統計_受理人民團體籌組申請資料呈現於【社會局網> 人民團體服務 > 統計資料】,2018-05-28,4次,
1039,社會福利統計_受理公益勸募活動申請,"社會福利統計_受理公益勸募活動申請資料呈現於【社會局局網> 公益勸募 > 歷年度許可案件】
",2018-05-28,4次,
1040,社會福利統計_危機家庭兒童托育補助,社會福利統計_危機家庭兒童托育補助統計資料呈現於【社會局局網> 嬰幼兒照顧服務 > 統計資料】,2018-05-28,4次,
1041,社會福利統計_弱勢家庭兒童托育補助,社會福利統計_弱勢家庭兒童托育補助統計資料呈現於【社會局局網> 嬰幼兒照顧服務 > 統計資料】,2018-05-28,4次,
1042,社會福利統計_兒童臨時托育補助,社會福利統計_兒童臨時托育補助統計資料呈現於【社會局局網> 嬰幼兒照顧服務 > 統計資料】,2018-05-28,4次,
1043,社會福利統計_臺北市私立托嬰中心,社會福利統計_臺北市私立托嬰中心資料呈現於【社會局局網> 嬰幼兒照顧服務 > 統計資料】,2018-05-28,4次,
1044,社會福利統計_臺北市育兒津貼,社會福利統計_臺北市育兒津貼資料呈現於【社會局局網> 嬰幼兒照顧服務 > 統計資料】,2018-05-28,4次,
1045,社會福利統計_臺北市政府義務採購機關採購身心障礙機構團體彙整表,彙整資料呈現於臺北市政府社會局>身心障礙者服務 > 優先採購,2018-05-28,4次,
1046,社會福利統計_老人健保自付額補助,社會福利統計_老人健保自付額補助資料呈現於【社會局局網>銀髮族服務 > 統計資料】,2018-05-28,4次,
1047,社會福利統計_婦女及單親家庭服務中心,社會福利統計_婦女及單親家庭服務中心資料呈現於【社會局局網> 婦女服務 > 統計資料】,2018-05-28,4次,
1048,臺北市山坡地人工邊坡位置圖,臺北市山坡地人工邊坡調查建檔結果,2018-05-23,148次,rar
1049,臺北市土石流潛勢溪流位置圖,臺北市50條土石流潛勢溪流位置圖,2018-05-23,821次,rar
1050,臺北市山坡地範圍圖,臺北市山坡地範圍圖,2018-05-23,388次,rar
1051,非市有可供提案活化公地,提供臺北市轄區內非市有可提案活化公地資料,2018-05-23,144次,ZIP
1052,臺北市政府財政局與國防部政治作戰局合作開發國有土地案件一覽表,臺北市政府財政局與國防部政治作戰局合作開發國有土地案,2018-05-22,138次,CSV
1053,臺北市政府為民服務工作不定期現場考核實施計畫,落實推動為民服務工作品質，樹立優質服務典範，鼓勵創新服務，期提高行政效率與民眾滿意度。,2018-05-18,92次,odt
1054,臺北市各區里疏散避難圖資訊(文山區),提供臺北市各區里疏散避難圖資訊,2018-05-17,265次,CSV
1055,社會福利統計_老人機構收容暨空位狀態,安養護長照老人機構空位狀態,2018-05-16,4次,
1056,臺北市環境教育機構,環境教育機構,2018-05-11,459次,CSV
1057,臺北市政府市政信箱(已異動為HELLO TAIPEI)及1999資訊,便於民眾查詢本府市政信箱及1999等資訊,2018-05-01,244次,ods
1058,臺北市110受理民眾報案統計表,臺北市110受理民眾報案統計表10704,2018-05-01,10次,XLS
1059,社會福利統計_低收入戶18歲以上就學生活補助申請,社會福利統計_低收入戶18歲以上就學生活補助申請資料呈現於【社會局局網> 統計資料 > 相關業務年度...,2018-04-30,4次,
1060,社會福利統計_老人收容安置補助,社會福利統計_老人收容安置補助資料呈現於【社會局局網> 統計資料 > 相關業務年度統計】,2018-04-30,4次,
1061,社會福利統計_婦女中途之家,社會福利統計_婦女中途之家資料呈現於【社會局局網> 統計資料 > 相關業務年度統計】,2018-04-30,4次,
1062,社會福利統計_低收入戶及中低收入戶申請,社會福利統計_低收入戶及中低收入戶申請資料呈現於【社會局局網>統計資料 > 預告統計資料發布時間表】,2018-04-30,166次,ods
1063,社會福利統計_身心障礙者輔具費用補助,社會福利統計_身心障礙者輔具費用補助資料呈現於【社會局局網> 公益彩券 > 補助團體一覽表】,2018-04-30,54次,ods
1064,社會福利統計_老人福利機構評鑑,社會福利統計_私立老人福利機構評鑑資料呈現於【社會局局網 > 銀髮族服務 > 機構園地】,2018-04-30,4次,
1065,社會福利統計_低收入戶暨中低收入戶輔導就業服務,社會福利統計_低收入戶暨中低收入戶輔導就業服務資料呈現於【社會局局網> 社會救助 > 統計資料】,2018-04-30,98次,ods
1066,社會福利統計_中低收入老人假牙補助,社會福利統計_中低收入老人假牙補助資料呈現於【社會局局網> 銀髮族服務 > 統計資料】,2018-04-30,4次,
1067,社會福利統計_弱勢少年自立生活經濟扶助,社會福利統計_弱勢少年自立生活經濟扶助資料呈現於【社會局局網>兒童及少年服務>統計資料】,2018-04-30,4次,
1068,社會福利統計_志願服務,社會福利統計_志願服務資料呈現於【社會局局網> 統計資料 > 預告統計資料發布時間表】,2018-04-30,42次,ods
1069,社會福利統計_社會工作師管理,"社會福利統計_社會工作師管理資料呈現於【社會局局網> 統計資料 > 預告統計資料發布時間表】
",2018-04-30,43次,ods
1070,社會福利統計_社會工作人員專業訓練,社會福利統計_社會工作人員專業訓練資料呈現於【社會局局網> 統計資料 > 預告統計資料發布時間表--...,2018-04-30,42次,ods
1071,社會福利統計_早期療育個案服務,社會福利統計_早期療育個案服務資料呈現於【社會局局網> 統計資料 > 預告統計資料發布時間表】,2018-04-30,42次,ods
1072,社會福利統計_寄養服務業務,社會福利統計_寄養服務業務資料呈現於【社會局局網> 兒童與少年服務 > 統計資料】,2018-04-30,45次,ods
1073,社會福利統計_老人長期照顧、安養機構概況,社會福利統計_老人長期照顧、安養機構概況資料呈現於【社會局> 統計資料 > 預告統計資料發布時間表】,2018-04-30,51次,ods
1074,社會福利統計_臨時看護補助,"社會福利統計_臨時看護補助資料呈現於【社會局局網>統計資料 > 預告統計資料發布時間表】
",2018-04-30,45次,ods
1075,社會福利統計_高風險家庭服務,社會福利統計_高風險家庭服務資料呈現於【社會局局網> 統計資料 > 預告統計資料發布時間表】,2018-04-30,47次,ods
1076,社會福利統計_兒少安置機構管理,"社會福利統計_兒少安置機構管理資料呈現於【社會局局網> 統計資料 > 預告統計資料發布時間表】
",2018-04-30,136次,ods
1077,社會福利統計_中低收入老人生活津貼,社會福利統計_中低收入老人生活津貼資料呈現於【社會局局網> 統計資料 > 預告統計資料發布時間表】,2018-04-30,80次,ods
1078,社會福利統計_身心障礙福利機構概況,社會福利統計_身心障礙福利機構概況資料呈現於【社會局局網> 統計資料 > 預告統計資料發布時間表】,2018-04-30,47次,ods
1079,社會福利統計_身心障礙證明(手冊)管理,社會福利統計_身心障礙證明(手冊)管理資料呈現於【社會局局網> 統計資料 > 預告統計資料發布時間表...,2018-04-30,60次,ods
1080,社會福利統計_身障租金補貼,社會福利統計_身障租金補貼資料呈現於【社會局局網> 統計資料 > 預告統計資料發布時間表】,2018-04-30,45次,ods
1081,社會福利統計_身心障礙者生活補助申請,"社會福利統計_身心障礙者生活補助申請呈現於【社會局網站> 統計資料 > 預告統計資料發布時間表】
",2018-04-30,78次,ods
1082,社會福利統計_低收、中低收入老人修繕住屋補助,社會福利統計_低收、中低收入老人修繕住屋補助資料呈現於【社會局局網> 統計資料 > 預告統計資料發布...,2018-04-30,67次,XLS
1083,社會福利統計_身障者專用停車位識別證申請,社會福利統計_身障者專用停車位識別證申請資料呈現於【社會局局網> 統計資料 > 預告統計資料發布時間...,2018-04-27,4次,
1084,社會福利統計_身心障礙者日間照顧及住宿照顧費用補助,社會福利統計_身心障礙者日間照顧及住宿照顧費用補助資料呈現於【社會局局網> 統計資料 > 預告統計資...,2018-04-27,58次,ods
1085,社會福利統計_臺北市市民醫療補助,社會福利統計_臺北市市民醫療補助資料呈現於【社會局局網> 統計資料 > 預告統計資料發布時間表】,2018-04-27,39次,ods
1086,社會福利統計_災害救助,"社會福利統計_災害救助資料呈現於【社會局局網> 統計資料 > 預告統計資料發布時間表】
",2018-04-27,109次,ods
1087,臺北都會區大眾捷運系統路網圖,臺北都會區大眾捷運系統路網GIS圖資(本圖資為規劃階段路線位置，倘需精確點位GIS圖資，請逕洽本局技...,2018-04-27,734次,rar
1088,臺北都會區大眾捷運系統車站點位圖,臺北都會區大眾捷運系統車站點位GIS圖資(本圖資為規劃階段車站位置，倘需精確點位GIS圖資，請逕洽本...,2018-04-27,769次,rar
1089,臺北市廢食用油資訊,"一、民眾建議提供廢棄管道、法源依據、罰則、合格清除機構名單宣導資訊等相關資料。
二、臺北市環境保護...",2018-04-25,2584次,CSV
1090,電話受理案件統計表,110 電話受理案件107-02,2018-04-16,1643次,"XLS,doc"
1091,臺北市土地使用分區,臺北市土地使用分區,2018-04-11,627次,7z
1092,電話受理案件統計表,110電話受理案件10703,2018-04-02,13次,XLS
1093,臺北捷運車站免費接駁車路線,臺北捷運車站免費接駁車路線,2018-04-02,353次,CSV
1094,臺北市大貨車禁行區域圖,臺北市大貨車之禁行區域、禁行時段與類型,2018-03-31,248次,ZIP
1095,臺北市健康服務中心,各區健康服務中心,2018-03-27,2039次,CSV
1096,消費爭議案件統計報表,本局辦理之不動產消費爭議案件查處結果，每月所統計之相關資料,2018-03-27,71次,XML
1097,消費爭議案件處理資料,本局消費爭議案理辦理情形之相關資料,2018-03-27,182次,XML
1098,臺北市公有(非市有)空地清查成果清冊,提供臺北市政府地政局辦理「本市公有（非市有）空地清查與活化專案」，於104年1月9日清查臺北市公有非...,2018-03-27,485次,xlsx
1099,各行政區房屋租金法定上限參考表,依不同建築物型態提供各行政區房屋租金法定上限概算金額,2018-03-27,164次,xlsx
1100,臺北市即時交通訊息,發布於臺北好行APP之本市道路雍塞、交通管制等即時交通訊息及臺北好行相關公告訊息,2018-03-27,4次,
1101,臺北市公有非公用可供公務機關使用土地數值地籍圖,為利用地籍圖電腦化管理，辦理重測時若屬圖解法施測區，則將地籍原圖進行數值化；若為數值區，即以數值法施...,2018-03-27,571次,ZIP
1102,臺北市水利處臨時抽水井,市轄臨時抽水井位置及名稱採用座標系統TWD97-TM2(zone121)座標提供SHP及WGS84座...,2018-03-26,530次,"ZIP,KML"
1103,臺北市水利處水位計,市轄水位計位置及名稱採用座標系統TWD97-TM2(zone121)座標提供SHP及WGS84座標提...,2018-03-26,557次,"ZIP,KML"
1104,街道家具候車亭廣告資訊,臺北市政府街道家具候車亭廣告(如附件),2018-03-26,288次,CSV
1105,各區清潔隊電話,各區清潔隊電話,2018-03-23,381次,CSV
1106,臺北自來水事業處漏水率資訊,自來水處歷年漏水率資料,2018-03-16,164次,xlsx
1107,建築開放空間,收錄自民國70年至民國106年5月間的建築開放空間資訊(僅含獎勵容積部分),2018-03-14,4次,
1108,替代役申請人數統計表,臺北市替代役申請人數統計,2018-03-07,234次,CSV
1109,替代役役男薪俸標準表,替代役役男薪俸標準,2018-03-07,247次,CSV
1110,替代役役男主副食費發放標準表,替代役役男主、副食費發放標準,2018-03-07,232次,CSV
1111,臺北市各役政單位地址及連絡電話,提供各役政單位地址及連絡電話,2018-03-07,276次,CSV
1112,各新兵訓練中心郵政信箱及連絡電話,提供各新兵訓練中心郵政信箱及連絡電話,2018-03-07,243次,CSV
1113,社會福利統計_庇護家園,社會福利統計_庇護家園資料呈現於【社會局局網> 婦女服務 > 統計資料】,2018-03-07,4次,
1114,社會福利統計_特殊境遇家庭扶助申請,社會福利統計_特殊境遇家庭扶助申請資料呈現於【社會局局網 > 婦女服務 > 統計資料】,2018-03-07,4次,
1115,社會福利統計_新移民(外籍配偶),社會福利統計_新移民(外籍配偶)資料呈現於【社會局局網> 婦女服務 > 統計資料】,2018-03-07,4次,
1116,臺北市體育局轄管運動場館,運動場館聯絡資訊,2018-03-01,212次,CSV
1117,Maps.Taipei圖磚(WMTS)服務介接網址,"Maps.Taipei圖磚(WMTS)服務介接網址
http://maps.taipei/wmts...",2018-02-27,4次,
1118,法律、建築及地政諮詢,委請台北律師公會、臺北市建築師公會及台北市地政士公會輪派義務律師、建築師及地政士免費提供諮詢服務,2018-02-01,288次,CSV
1119,臺北市政府環境保護局12區清潔隊、溝渠清理第一、二隊及直屬清潔隊聯絡資訊一覽表,提供臺北市政府環境保護局清潔隊聯絡資訊，供市民聯絡諮詢。	,2018-02-01,368次,CSV
1120,農產品批發交易行情,農產品批發交易行情資訊(連結),2018-01-31,3次,
1121,臺北市市政大樓及市民廣場場地使用時間及收費基準,提供臺北市市政大樓場地租借之「場地名稱」、「面積」、「使用時間」及「場地費用」等資料,2018-01-31,350次,XLS
1122,警用車輛油料管理月報表(局本部),警用車輛油料管理月報表(局本部),2018-01-30,5次,XLS
1123,臺北市政府各機關107年度聘（僱）用計畫書（表）,本府各機關107年度聘用人員聘用計畫書及約僱人員僱用計畫表,2018-01-29,9814次,PDF
1124,臺北市機車定檢站位置,臺北市機車定檢站位置,2018-01-29,4次,
1125,臺北市各類農產品批發市場歷史交易量、交易額、平均價表,臺北市各類農產品批發市場歷史交易量、交易額、平均價表,2018-01-24,26次,utf-8
1126,建築物外牆飾材剝落列管案件地址清單,有關本市建築物外牆飾材剝落案件，經專業人員評估屬於較嚴重之情形且目前尚未改善完成者。,2018-01-19,16次,xlsx
1127,臺北市兒童新樂園園區資訊,兒童新樂園園區營運時間及門票資訊、13項遊樂設施介紹、其他遊樂設施介紹、設施設備位置、園區美食商品、...,2018-01-18,523次,CSV
1128,雙語詞彙,各單位經常使用之中英文詞彙,2018-01-16,797次,"CSV,PDF"
1129,市長行程影片原始內容,市長行程影片原始內容,2018-01-12,4次,
1130,市長行程頒獻獎相片原始內容,市長行程頒獻獎相片原始內容,2018-01-12,4次,
1131,臺北市醫療糾紛申訴案件統計,臺北市醫療糾紛申訴案件統計,2018-01-10,190次,PDF
1132,臺北市松山區、南港區、信義區已登記公私有土地筆數面積統計表,統計臺北市松山地政事務所轄區內已登記公私有土地之面積及筆數,2018-01-09,205次,ods
1133,市長行程攝影(一般行程),市長行程攝影(一般行程),2018-01-09,1次,
1134,市長行程攝影(一般行程),市長行程攝影(一般行程),2018-01-09,4次,
1135,市長新聞稿原始內容,市長新聞稿原始內容,2018-01-09,4次,
1136,臺北市自行車停放區（oBike加值版）,由「臺北市自行車停放區」資料集延伸，經oBike加值後回饋臺北市政府開放，內容為在原先資料上新增經緯...,2017-12-20,3271次,CSV
1137,空氣盒子即時量測資料,"於106年12月14日改版，
由原先提供之「空氣盒子設備資料」、「即時監測資料」及「歷史偵測資料」...",2017-12-14,1129次,"CSV,TXT"
1138,臺北市政府警察局各分局巡邏線箱數量,臺北市政府警察局各分局巡邏線箱數量,2017-12-04,469次,XLS
1139,臺北捷運列車到站站名,提供臺北捷運文湖線、淡水信義線、松山新店線、中和新蘆線以及板南線之列車進入月台之車站站名、行駛方向等...,2017-11-26,217718次,
1140,臺北市校園數位氣象網開放資料,臺北市校園數位氣象網開放資料API,2017-11-21,401次,js
1141,臺北市法規查詢系統-SOP標準作業流程,提供SOP資料下載連結及其他資訊(名稱、更新時間)等,2017-11-21,4次,
1142,市政網站整合平台之新聞稿,臺北市政府市政整合平台之新聞稿，收錄從2001年開始至今的新聞，並且隨時更新最新新聞稿，歡迎進行分析...,2017-11-21,10次,
1143,臺北市法規查詢系統,提供臺北市及中央法規、行政規則及法務局作成之簽見、函示等資料。區分「最新消息」、「法規種類位階查詢」...,2017-11-21,4次,
1144,世大運-志工管理整合平台招募資訊,2017世大運志工招募資訊,2017-11-21,4次,
1145,臺北市政府求職徵才職缺資訊,臺北市政府各機關學校所釋出之職缺資料，包含職缺機關、職稱、工作地點、工作內容等詳細資料。,2017-11-21,4次,
1146,社會福利統計_身障機構收容暨空位狀態,身障機構空位狀態,2017-11-21,4次,
1147,社會福利統計_兒少機構收容暨空位狀態,兒少機構收容暨空位狀態,2017-11-21,4次,
1148,市政網站整合平台之熱門活動,市政網站整合平台之熱門活動資料集描述,2017-11-21,671次,XML
1149,臺北市-臺北捷運系統票價,臺北捷運系統票價,2017-11-17,22290次,CSV
1150,海砂屋列管清冊,臺北市高氯離子混凝土建築物列管清冊,2017-11-06,582次,PDF
1151,臺北市航空噪音防制區圖,臺北松山機場航空噪音防制區圖(臺北市部分)範圍及分級表,2017-11-06,760次,KML
1152,臺北市通過餐飲衛生管理分級評核業者名單,臺北市通過餐飲衛生管理分級評核業者名單,2017-11-02,174次,CSV
1153,本市921、331地震列管建築物,本市921、331地震列管黃單需注意之建築物。,2017-09-26,1103次,XLS
1154,臺北市騎樓整平工程完成路段表（91至105年）,臺北市騎樓整平工程完成路段表（91至105年）,2017-09-20,150次,XLS
1155,違建處理,違建查報專區（查詢違建查報案件資料）,2017-09-19,1次,
1156,臺北捷運系統防洪設計標準,捷運系統大部分路線均置於地下，為避免遭受水患，在系統設計上均有一定之防洪保護設施。臺北都會區捷運系統...,2017-09-18,400次,XLS
1157,臺北市好孕胸章索取地點及電話一覽表,臺北市好孕胸章索取地點及電話一覽表,2017-09-13,1070次,CSV
1158,臺北市社教機構分佈圖(含社區大學),臺北市社教機構分佈圖(含社區大學),2017-09-08,192次,CSV
1159,臺北市立圖書館各分館暨民眾閱覽室,臺北市立圖書館各分館暨民眾閱覽室分佈圖,2017-09-08,2554次,CSV
1160,臺北市公私立游泳池及救生員位置及相關資訊,臺北市公私立游泳池及救生員位置及相關資訊,2017-09-07,18286次,CSV
1161,大直橋下防溺告示牌及救生圈位置,含座標及照片,2017-09-07,65次,CSV
1162,臺北市五項藝術比賽,臺北市五項藝術比賽計有本市學生音樂比賽、美術比賽、舞蹈比賽、鄉土歌謠比賽、創意戲劇比賽相關內容。,2017-09-07,26次,"doc,docx"
1163,臺北市政府教育局志工表揚名單,臺北市政府教育局志工表揚名單,2017-09-07,498次,xlsx
1164,捷運工程徵收土地清冊,捷運工程徵收土地清冊,2017-08-31,1282次,"doc,pptx,PDF,docx"
1165,臺北市各區公所免費市民法律諮詢服務資料,臺北市各區公所法律諮詢服務相關資料,2017-08-30,292次,ods
1166,違反食品安全衛生管理法違規案件公開,違反食品安全衛生管理法違規案件公開,2017-08-24,152次,CSV
1167,家戶健康訪視服務成果報表,訪視服務成果報表,2017-08-22,225次,xlsx
1168,臺北市少年輔導委員會105年工作年報,展現本會年度工作成果暨強化少年犯罪防治宣導,2017-06-27,107次,PDF
1169,臺北市營建工地空污費繳費櫃檯,臺北市營建工程空氣污染防制費申報櫃檯,2017-06-03,313次,CSV
1170,臺北市空品淨化區資訊,臺北市空氣品質淨化區位置等相關資訊,2017-06-03,143次,CSV
1171,臺北捷運各站進出量統計,"捷運車站每日各站進出量統計(自104年11月起提供每小時各站進出站量統計)。
本公司考量拓展資料使...",2017-05-26,21968次,CSV
1172,捷運已通車路網說明,捷運已通車路網各路線說明,2017-05-19,4次,
1173,廢巷及改道公告,廢巷及改道公告,2017-05-16,230次,XLS
1174,捷運規劃中路網說明,臺北都會區大眾捷運系統規劃中路線說明及辦理情形,2017-05-16,4次,
1175,捷運工程徵收地上權土地清冊,捷運工程徵收地上權土地清冊,2017-05-09,2999次,"docx,doc,pptx,PDF,jpg,XLS"
1176,臺北市少年輔導委員會104年工作年報,展現本會年度工作成果暨強化少年犯罪防治宣導,2017-05-03,64次,PDF
1177,模範公務人員,本府模範公務人員名單,2017-04-12,665次,XLS
1178,捷運技術第五十一期,信義路是貫穿臺北市最主要東西向幹道之一，西起中正紀念堂，路經永康商圈、大安森林公園、信義計畫區、世貿...,2017-04-07,1次,
1179,免建築線指示地區公告,免建築線指示地區公告,2017-03-21,260次,XLS
1180,租屋服務平臺媒合案件統計,租屋服務平臺103年11月1日至104年7月31日止媒合案件統計,2017-03-21,464次,xlsx
1181,臺北市國民住宅配售(租)概況,臺北市國民住宅配售(租)概況,2017-03-21,85次,XLS
1182,臺北市國民住宅配售(租)情形,臺北市國民住宅配售(租)情形,2017-03-21,87次,XLS
1183,臺北市居家廢棄藥物檢收站,居家廢棄藥物檢收站,2017-03-13,309次,CSV
1184,臺北市老人健康檢查特約醫院,老人健康檢查特約醫院,2017-02-21,215次,CSV
1185,水域遊憩活動告示牌地點,水域遊憩活動告示牌地點,2017-02-17,202次,PDF
1186,105年臺北市旅遊服務中心服務人次統計表,105年臺北市旅遊服務中心服務人次統計表,2017-02-06,121次,xlsx
1187,105年臺北市旅遊服務中心服務人次統計表,105年臺北市旅遊服務中心服務人次統計表,2017-02-06,5次,xlsx
1188,交通局施政報告,交通局每月施政報告,2017-01-13,2128次,doc
1189,臺北市所轄公立高中職以下有游泳池學校一覽表,臺北市所轄公立高中職以下有游泳池學校一覽表，有學校配置救生員員額，泳池面積，住址及電話。,2017-01-09,24次,CSV
1190,臺北市所轄公立高中職以下有游泳池學校一覽表,臺北市各級學校有游泳池通訊錄,2016-12-30,375次,xlsx
1191,捷運聯合開發公有不動產標售物件資料,捷運聯合開發公有不動產標售物件資料,2016-11-15,487次,XLS
1192,臺北市政府公務人員專書閱讀心得寫作競賽團體獎活動成果統計表,臺北市政府公務人員專書閱讀心得寫作競賽團體獎活動成果統計表,2016-08-29,8次,doc
1193,105年度1月至6月主要觀光景點遊客數統計,105年度1月至6月主要觀光景點遊客數統計,2016-07-25,546次,xlsx
1194,2015年捷運年刊,1.捷運系統是國家重大工程建設之一，為持續打造安全、便捷、舒適、美觀且具國際水準之都會捷運系統，捷運...,2016-07-12,66次,"jpg,PDF"
1195,臺北市法規提案流程查詢系統,提供臺北市政府各機關法制作業相關階段的審查作業程序資料。區分「最新提案」、「法規提案查詢」、「會議紀...,2016-07-05,4次,
1196,104年1月到12月臺北市旅遊服務中心服務人次統計表,104年1月到12月臺北市旅遊服務中心服務人次統計表,2016-06-28,77次,xlsx
1197,102年1月至12月主要觀光景點遊客數統計,102年1月至12月主要觀光景點遊客數統計,2016-06-28,122次,CSV
1198,104年1月至12月主要觀光景點遊客數統計,104年1月至12月主要觀光景點遊客數統計,2016-06-28,234次,xlsx
1199,103年1月至12月主要觀光景點遊客數統計,103年1月至12月主要觀光景點遊客數統計,2016-06-27,922次,CSV
1200,土地開發權益分配結果彙整,捷運用地土地開發案權益分配相關資料彙整表,2016-06-21,4次,
1201,熱門業務電話資料,"民眾直播本府各機關超過一定次數(5,000次)以上的熱門業務電話",2016-06-15,264次,CSV
1202,臺北市立聯合醫院電子門診表,臺北市立聯合醫院各院區電子門診表,2016-05-18,5次,
1203,臺北市政府文化局藝文補助案,收錄臺北市政府文化局98年至104年藝文補助案相關資料,2016-04-25,237次,xlsx
1204,臺北市私有文化資產補助案,收錄近年來臺北市私有文化資產補助案,2016-04-22,305次,xlsx
1205,臺北市宗教建築環場影像清單,以720oVR多媒體方式記錄各個宗教空間本身的建築雕塑特色，並整合地理資訊系統，呈現宗教寺廟整體資訊...,2016-03-07,222次,ods
1206,臺北市政府i-Voting投票系統記錄,集合臺北市政府所舉辦之歷次重大議題i-Voting投票記錄,2016-03-01,956次,TXT
1207,社會福利統計_公彩預算執行情形(102-105),社會福利統計_公彩預算執行情形(102-105),2016-02-23,58次,XLS
1208,心靈饗宴,自96年起「心靈饗宴」辦理場次及執行情形,2016-02-02,11次,xlsx
1209,e世代講座,自96年以來e世代講座辦理場次及執行情形,2016-02-02,5次,xlsx
1210,杜鵑颱風災後復舊報告,杜鵑颱風災後復舊報告,2016-02-01,244次,PDF
1211,災後復舊處理進度表/檢核表,"臺北市災後各公共設施復舊處理進度，項目包括：
「工務局主要次要道路復舊處理進度檢核表」、
「停水...",2016-01-08,4次,
1212,臺北自來水事業處無障礙設施資料表,臺北自來水事業處無障礙設施資料表,2015-11-18,280次,CSV
1213,104年度台北市有線電視系統業者服務品質暨收視戶滿意度調查,104年度台北市有線電視系統業者服務品質暨收視戶滿意度調查,2015-11-12,84次,docx
1214,來臺旅客在臺北市之消費及動向調查,為瞭解來臺旅客在臺北市之消費及動向，觀光傳播局自101年開始辦理「來臺旅客在臺北市之消費及動向調查」...,2015-11-12,641次,docx
1215,臺北市-臺北捷運轉乘車站轉乘步行時間,臺北捷運轉乘車站轉乘步行時間,2015-11-06,404次,CSV
1216,103年財產統計表,103年財產增減情形,2015-11-05,64次,xlsx
1217,臺北市交通事件裁決所無障礙設施設置資料,臺北市交通事件裁決所無障礙設施設置情形,2015-10-30,255次,CSV
1218,臺北市降雨淹水模擬圖（社群加值版）,"臺北市降雨淹水模擬圖、圖層空間參考系統座標是WGS84座標
感謝社群夥伴kuro hsu及王景弘協...",2015-09-30,992次,JSON
1219,臺北市少年輔導委員會101年工作年報,展現本會年度工作成果暨強化少年犯罪防治宣導,2015-09-02,67次,PDF
1220,臺北市少年輔導委員會103年工作年報,展現本會年度工作成果暨強化少年犯罪防治宣導,2015-09-02,84次,PDF
1221,臺北市少年輔導委員會102年工作年報,展現本會年度工作成果暨強化少年犯罪防治宣導,2015-09-02,51次,PDF
1222,臺北市財團法人教育基金會清冊,臺北市財團法人教育基金會清冊,2015-08-20,1200次,CSV
1223,臺北市政府103年辦理員額評鑑檢討報告,臺北市政府103年辦理員額評鑑檢討報告，收錄103年臺北市政府辦理員額評鑑作業及檢討精進作為,2015-08-20,8次,docx
1224,獎優案件,獎優案件,2015-08-20,1次,
1225,社會福利統計_平價住宅申請,社會福利統計_平價住宅申請資料呈現於【社會局 局網> 社會救助 > 居住(宅)服務】,2015-08-06,4次,
1226,捷運聯合開發不動產統一經營資訊,捷運聯合開發不動產統一經營資訊,2015-07-31,238次,CSV
1227,捷運土地開發作業,捷運土地開發作業,2015-07-31,362次,CSV
1228,臺北市文化資產,文化資產,2015-07-30,3627次,XML
1229,街頭藝人,街頭藝人資料集描述,2015-07-30,155次,XML
1230,臺北市黑客松行事曆,由政府及民間於臺北市舉辦的黑客松的行事曆,2015-07-28,4次,
1231,臺北都會區大眾捷運系統兩側禁限建範圍公告,捷運兩側禁限建範圍公告圖,2015-07-22,4次,
1232,新北八仙樂園氣爆案送醫名單,新北八仙樂園氣爆案送醫名單,2015-07-14,271次,CSV
1233,臺北市立大學校園平面圖,臺北市立大學校園平面圖,2015-04-01,47次,docx
1234,臺北市臺北市旅服中心服務據點資訊,臺北市旅服中心服務據點資訊,2015-03-27,2798次,CSV
1235,臺北市原住民場館介紹,臺北市政府原住民族事務委員會所屬場館介紹及內容說明，主要有北原會館，凱達格蘭文化館、原民風味館、娜魯...,2015-03-16,344次,docx
1236,臺北市立大學交通位置圖,臺北市立大學交通位置圖 ,2015-03-11,89次,docx
1237,臺北市臺北市101個觀光亮點資料,臺北市101個觀光亮點資料,2015-03-06,4643次,CSV